time,elapsed_s,temp_c,throttled,arm_mhz,cpu_pct,load1,mem_used_mb,mem_avail_mb,mem_pct,swap_used_mb,web_cpu_pct,web_rss_mb,web_threads,vision_cpu_pct,vision_rss_mb,vision_threads,actuation_cpu_pct,actuation_rss_mb,actuation_threads,vision_capture_fps,vision_result_fps,vision_frame_age_ms,preview_viewers,web_state,web_phase,web_signal,web_progress
2026-10-01T13:10:40,2.0,63.7,0x0,2400,29.4,0.51,838,3211,20.7,0,,53.0,10,,348.6,32,,50.6,7,30.0,29.5,16,0,landing,demo,정지,1/7
2026-10-01T13:10:42,4.0,63.7,0x0,2400,28.7,0.55,837,3212,20.7,0,0.5,53.0,10,113.0,345.9,32,0.0,50.6,7,30.0,30.0,1,0,landing,demo,정지,1/7
2026-10-01T13:10:44,6.0,64.2,0x0,2400,28.5,0.55,835,3214,20.6,0,0.0,53.0,10,112.5,345.9,32,0.0,50.6,7,30.0,30.0,2,0,landing,demo,정지,1/7
2026-10-01T13:10:46,8.0,64.8,0x0,2400,29.2,0.55,834,3215,20.6,0,0.5,53.0,10,114.5,345.9,32,0.5,50.6,7,30.0,30.0,2,0,landing,demo,정지,1/7
2026-10-01T13:10:48,10.0,64.2,0x0,2400,28.3,0.59,833,3216,20.6,0,0.0,53.0,10,112.5,345.9,32,0.0,50.6,7,30.0,30.0,3,0,landing,demo,정지,1/7
2026-10-01T13:10:50,12.0,65.3,0x0,2400,28.6,0.59,831,3218,20.5,0,0.5,53.0,10,114.0,345.9,32,0.0,50.6,7,30.0,30.0,4,0,landing,demo,정지,1/7
2026-10-01T13:10:52,14.0,64.8,0x0,2400,28.8,0.62,831,3218,20.5,0,1.0,53.0,10,112.5,345.9,32,0.0,50.6,7,30.0,30.0,5,0,landing,demo,정지,1/7
2026-10-01T13:10:54,16.0,65.9,0x0,2400,28.3,0.62,830,3219,20.5,0,0.0,53.0,10,113.0,345.9,32,0.0,50.6,7,30.0,30.0,7,0,landing,demo,정지,1/7
2026-10-01T13:10:56,18.0,65.9,0x0,2400,28.8,0.62,831,3218,20.5,0,0.5,53.0,10,114.5,345.9,32,0.5,50.6,7,30.0,30.0,8,0,landing,demo,정지,1/7
2026-10-01T13:10:58,20.0,65.3,0x0,2400,28.5,0.65,831,3218,20.5,0,0.5,53.0,10,112.5,345.9,32,0.0,50.6,7,30.0,30.0,7,0,landing,demo,정지,1/7
2026-10-01T13:11:00,22.0,65.3,0x0,2400,28.6,0.65,830,3219,20.5,0,0.0,53.0,10,114.0,346.3,32,0.0,50.6,7,30.0,30.0,9,0,landing,demo,정지,1/7
2026-10-01T13:11:02,24.0,65.9,0x0,2400,28.3,0.76,830,3219,20.5,0,0.5,53.0,10,113.0,346.3,32,0.5,50.6,7,30.0,29.5,10,0,landing,demo,정지,1/7
2026-10-01T13:11:04,26.0,65.9,0x0,2400,28.7,0.76,830,3219,20.5,0,0.0,53.0,10,112.5,346.3,32,0.0,50.6,7,30.0,30.0,12,0,landing,demo,정지,1/7
2026-10-01T13:11:06,28.0,64.8,0x0,2400,28.9,0.76,829,3220,20.5,0,0.5,53.0,10,114.5,346.3,32,0.0,50.6,7,30.0,30.0,12,0,landing,demo,정지,1/7
2026-10-01T13:11:08,30.0,64.8,0x0,2400,28.2,0.78,829,3220,20.5,0,0.5,53.0,10,112.5,346.3,32,0.0,50.6,7,30.0,30.0,13,0,landing,demo,정지,1/7
2026-10-01T13:11:10,32.0,65.9,0x0,2400,29.8,0.78,875,3174,21.6,0,0.5,53.0,10,116.0,348.4,32,0.5,50.6,7,30.0,30.0,15,0,landing,demo,정지,1/7
2026-10-01T13:11:12,34.0,65.9,0x0,2400,28.9,0.8,866,3183,21.4,0,1.0,53.5,12,114.0,348.4,32,0.0,50.6,7,30.0,30.0,15,0,landing,demo,정지,1/7
2026-10-01T13:11:14,36.0,65.9,0x0,2400,28.4,0.8,860,3189,21.2,0,1.0,53.5,12,112.5,348.4,32,0.0,50.6,7,30.0,30.0,16,0,landing,demo,정지,1/7
2026-10-01T13:11:16,38.0,66.4,0x0,2400,29.3,0.8,855,3194,21.1,0,0.0,53.5,12,114.0,348.4,32,0.5,50.6,7,30.0,30.0,17,0,landing,demo,정지,1/7
2026-10-01T13:11:18,40.0,65.9,0x0,2400,28.4,0.81,851,3198,21.0,0,0.5,53.5,12,113.0,348.4,32,0.0,50.6,7,30.0,30.0,18,0,landing,demo,정지,1/7
2026-10-01T13:11:20,42.0,66.4,0x0,1900,28.4,0.81,849,3200,21.0,0,0.5,53.5,12,113.0,348.4,32,0.0,50.6,7,30.0,30.0,20,0,landing,demo,정지,1/7
2026-10-01T13:11:22,44.0,66.4,0x0,2400,28.7,0.83,846,3203,20.9,0,0.5,53.5,12,113.0,348.4,32,0.0,50.6,7,30.0,29.5,20,0,landing,demo,정지,1/7
2026-10-01T13:11:24,46.0,67.0,0x0,2400,28.5,0.83,843,3206,20.8,0,0.0,53.5,11,112.5,348.4,32,0.5,50.6,7,30.0,30.0,21,0,landing,demo,정지,1/7
2026-10-01T13:11:26,48.0,65.3,0x0,2400,29.3,0.83,843,3206,20.8,0,0.5,53.5,10,117.0,350.9,32,0.0,50.6,7,30.0,30.0,21,0,landing,demo,정지,1/7
2026-10-01T13:11:28,50.0,67.5,0x0,2400,28.2,0.84,839,3210,20.7,0,0.0,53.5,10,112.5,348.4,32,0.0,50.6,7,30.0,30.0,26,0,landing,demo,정지,1/7
2026-10-01T13:11:30,52.0,67.5,0x0,2400,28.5,0.84,838,3211,20.7,0,1.0,53.5,10,113.0,348.4,32,0.5,50.6,7,30.0,30.0,24,0,landing,demo,정지,1/7
2026-10-01T13:11:32,54.0,65.9,0x0,2400,28.6,0.86,834,3215,20.6,0,0.0,53.5,10,114.5,348.4,32,0.0,50.6,7,30.0,29.0,24,0,landing,demo,정지,1/7
2026-10-01T13:11:34,56.0,67.0,0x0,2400,28.8,0.86,833,3216,20.6,0,0.0,53.5,10,112.0,348.4,32,0.0,50.6,7,30.0,30.5,23,0,landing,demo,정지,1/7
2026-10-01T13:11:36,58.0,67.0,0x0,2400,29.4,0.86,835,3214,20.6,0,2.5,55.5,10,115.5,350.9,32,0.0,50.6,7,29.9,29.9,24,0,landing,demo,정지,1/7
2026-10-01T13:11:38,60.0,67.5,0x0,2400,28.8,0.87,829,3220,20.5,0,0.5,55.5,10,114.5,349.0,32,0.5,50.6,7,30.1,30.1,27,0,landing,demo,정지,1/7
2026-10-01T13:11:40,62.0,65.9,0x0,2400,29.9,0.87,831,3218,20.5,0,2.5,57.0,11,114.5,350.6,33,0.0,50.6,7,30.0,30.0,29,1,training,demo,정지,1/7
2026-10-01T13:11:42,64.0,68.6,0x0,2400,32.5,0.88,835,3214,20.6,0,6.5,61.5,10,121.5,350.6,33,1.0,50.6,7,30.0,30.0,29,1,training,demo,정지,1/7
2026-10-01T13:11:44,66.0,68.6,0x0,2400,31.9,0.88,849,3200,21.0,0,7.0,67.0,10,120.0,345.8,33,0.5,50.6,7,30.0,30.0,30,1,training,judging,정지,1/7
2026-10-01T13:11:46,68.0,67.0,0x0,2400,33.2,0.88,856,3193,21.1,0,5.0,67.5,10,126.0,350.8,33,0.0,50.6,7,30.0,30.0,31,1,training,judging,정지,1/7
2026-10-01T13:11:48,70.0,68.6,0x0,2400,32.2,0.89,861,3188,21.3,0,5.5,67.5,10,122.0,348.4,33,1.0,50.6,7,30.0,29.5,29,1,training,demo,서행,2/7
2026-10-01T13:11:50,72.0,68.6,0x0,2400,32.4,0.89,858,3191,21.2,0,7.0,69.5,10,122.0,350.8,33,1.0,50.6,7,30.0,30.0,28,1,training,demo,서행,2/7
2026-10-01T13:11:52,74.0,68.1,0x0,2400,35.6,0.9,863,3186,21.3,0,10.0,74.0,10,129.5,351.4,33,0.5,50.6,7,30.0,29.5,32,1,training,demo,서행,2/7
2026-10-01T13:11:54,76.0,68.6,0x0,2400,33.2,0.9,861,3188,21.3,0,5.5,74.0,10,127.0,351.1,33,0.5,50.6,7,30.0,29.5,32,1,training,judging,서행,2/7
2026-10-01T13:11:56,78.0,68.1,0x0,2400,31.9,0.9,866,3183,21.4,0,4.5,74.0,10,121.5,351.0,33,0.5,50.6,7,30.0,28.5,2,1,training,demo,좌회전_유도,3/7
2026-10-01T13:11:58,80.0,68.1,0x0,2400,33.7,0.99,865,3184,21.4,0,7.0,74.0,10,124.5,348.5,33,1.0,50.6,7,30.0,30.0,2,1,training,demo,좌회전_유도,3/7
2026-10-01T13:12:00,82.0,69.2,0x0,2400,33.9,0.99,863,3186,21.3,0,8.0,74.0,10,127.0,353.8,33,0.5,50.6,7,30.0,29.0,34,1,training,judging,좌회전_유도,3/7
2026-10-01T13:12:02,84.0,70.8,0x0,2400,33.0,0.99,860,3189,21.2,0,4.0,74.0,10,127.0,351.1,33,0.0,50.6,7,30.1,28.1,4,1,training,judging,좌회전_유도,3/7
2026-10-01T13:12:04,86.0,70.3,0x0,2400,32.2,0.99,863,3186,21.3,0,4.0,74.0,10,121.0,353.9,33,0.5,50.6,7,30.0,28.5,2,1,training,demo,우회전_유도,4/7
2026-10-01T13:12:06,88.0,69.7,0x0,2400,33.1,0.99,858,3191,21.2,0,9.0,72.6,10,122.0,353.8,33,1.0,50.6,7,30.0,29.5,4,1,training,demo,우회전_유도,4/7
2026-10-01T13:12:08,90.0,68.6,0x0,2400,32.4,0.99,855,3194,21.1,0,7.5,72.6,10,121.5,353.8,33,0.5,50.6,7,30.0,30.5,8,1,training,judging,우회전_유도,4/7
2026-10-01T13:12:10,92.0,68.1,0x0,2400,33.0,0.99,854,3195,21.1,0,5.0,72.6,10,124.5,351.4,33,0.5,50.6,7,30.0,29.0,4,1,training,judging,우회전_유도,4/7
2026-10-01T13:12:12,94.0,68.6,0x0,2400,33.8,0.99,862,3187,21.3,0,8.5,74.1,10,125.0,353.6,33,0.5,50.6,7,30.0,30.0,13,1,training,demo,확인_완료,5/7
2026-10-01T13:12:14,96.0,70.3,0x0,2400,32.8,0.99,868,3181,21.4,0,6.0,74.1,10,122.0,351.3,33,0.5,50.6,7,30.1,29.6,7,1,training,judging,확인_완료,5/7
2026-10-01T13:12:16,98.0,69.2,0x0,2400,33.2,0.99,862,3187,21.3,0,5.0,74.1,10,123.5,351.4,33,0.5,50.6,7,30.0,29.5,12,1,training,demo,후진,6/7
2026-10-01T13:12:18,100.0,70.3,0x0,2400,32.8,0.99,856,3193,21.1,0,7.5,74.1,10,123.0,351.5,33,0.5,50.6,7,30.0,30.0,11,1,training,demo,후진,6/7
2026-10-01T13:12:20,102.0,69.2,0x0,2400,33.6,0.99,860,3189,21.2,0,9.5,75.1,10,123.0,351.0,33,1.0,50.6,7,30.1,30.1,9,1,training,demo,후진,6/7
2026-10-01T13:12:22,104.0,70.3,0x0,2400,33.8,1.15,876,3173,21.6,0,7.5,75.1,10,124.0,351.1,33,1.0,50.6,7,30.0,29.0,11,1,training,demo,후진,6/7
2026-10-01T13:12:24,106.0,68.1,0x0,2400,31.9,1.15,880,3169,21.7,0,5.0,75.1,10,121.5,351.1,33,0.5,50.6,7,30.0,30.0,13,1,training,demo,주의,7/7
2026-10-01T13:12:26,108.0,69.7,0x0,2400,34.4,1.15,873,3176,21.6,0,10.0,75.1,10,126.5,351.0,33,0.5,50.6,7,30.0,29.5,15,1,training,demo,주의,7/7
2026-10-01T13:12:28,110.0,70.8,0x0,2400,34.7,1.14,868,3181,21.4,0,8.5,75.1,10,126.5,351.1,33,0.5,50.6,7,30.0,30.0,16,1,training,judging,주의,7/7
2026-10-01T13:12:30,112.0,69.7,0x0,2400,30.5,1.14,866,3183,21.4,0,3.5,75.6,10,117.5,350.9,33,0.5,50.6,7,30.0,30.0,16,0,summary,demo,,8/7
2026-10-01T13:12:32,114.0,69.2,0x0,1800,28.6,1.13,864,3185,21.3,0,0.5,75.6,10,114.0,351.2,33,0.0,50.6,7,30.0,30.0,19,0,certificate,demo,,8/7
2026-10-01T13:12:34,116.0,69.7,0x0,2400,28.6,1.13,861,3189,21.3,0,0.0,75.6,10,114.0,351.0,33,0.0,50.6,7,30.0,30.0,18,0,certificate,demo,,8/7
2026-10-01T13:12:36,118.0,69.7,0x0,2400,30.1,1.13,865,3184,21.4,0,0.5,75.6,10,118.5,351.2,33,0.0,50.6,7,30.0,27.0,19,0,certificate,demo,,8/7
2026-10-01T13:12:38,120.0,70.3,0x0,2400,28.9,1.2,864,3185,21.3,0,0.5,75.6,10,115.0,356.2,33,0.5,50.6,7,30.1,29.6,20,0,certificate,demo,,8/7
2026-10-01T13:12:40,122.0,69.7,0x0,2400,35.2,1.2,857,3192,21.2,0,8.0,76.6,10,127.5,351.2,33,0.5,50.6,7,30.0,22.0,21,1,training,demo,정지,1/7
2026-10-01T13:12:42,124.0,70.3,0x0,2400,32.9,1.18,857,3192,21.2,0,7.5,76.6,10,123.5,351.2,33,1.0,50.6,7,30.0,28.1,18,1,training,judging,정지,1/7
2026-10-01T13:12:44,126.0,69.2,0x0,2400,32.2,1.18,864,3185,21.3,0,4.5,76.6,10,123.5,351.4,33,0.0,50.6,7,30.0,30.0,22,1,training,demo,서행,2/7
2026-10-01T13:12:46,128.0,70.3,0x0,2400,34.5,1.18,864,3185,21.3,0,10.5,76.6,10,124.5,351.4,33,1.0,50.6,7,30.0,29.5,24,1,training,judging,서행,2/7
2026-10-01T13:12:48,130.0,70.3,0x0,2400,32.7,1.25,860,3190,21.2,0,4.0,76.6,10,126.0,351.3,33,0.5,50.6,7,30.1,30.1,25,1,training,judging,서행,2/7
2026-10-01T13:12:50,132.0,72.5,0x0,2400,33.6,1.25,859,3190,21.2,0,6.0,76.6,10,124.0,351.3,33,1.0,50.6,7,30.0,29.5,24,1,training,demo,좌회전_유도,3/7
2026-10-01T13:12:52,134.0,70.8,0x0,2400,32.3,1.23,863,3186,21.3,0,6.5,76.6,10,121.0,351.4,33,0.0,50.6,7,30.0,30.5,26,1,training,judging,좌회전_유도,3/7
2026-10-01T13:12:54,136.0,70.3,0x0,2400,33.5,1.23,853,3196,21.1,0,5.5,76.6,10,128.5,348.7,33,0.5,50.6,7,30.0,29.5,25,1,training,demo,우회전_유도,4/7
2026-10-01T13:12:56,138.0,69.7,0x0,2400,31.9,1.23,858,3191,21.2,0,6.5,76.6,10,120.5,351.2,33,1.0,50.6,7,30.1,30.1,28,1,training,demo,우회전_유도,4/7
2026-10-01T13:12:58,140.0,70.3,0x0,2400,33.3,1.21,860,3189,21.2,0,3.5,76.6,10,128.0,354.1,33,0.0,50.6,7,30.0,29.5,27,1,training,judging,우회전_유도,4/7
2026-10-01T13:13:00,142.0,71.4,0x0,2400,32.5,1.21,865,3184,21.4,0,6.0,76.6,10,122.5,351.4,33,0.5,50.6,7,30.0,30.0,26,1,training,demo,우회전_유도,4/7
2026-10-01T13:13:02,144.0,70.3,0x0,2400,32.7,1.19,864,3186,21.3,0,7.0,76.6,10,124.0,351.6,33,0.5,50.6,7,30.0,30.0,28,1,training,demo,우회전_유도,4/7
2026-10-01T13:13:04,146.0,70.8,0x0,2400,33.9,1.19,859,3190,21.2,0,8.5,76.6,10,125.5,353.9,33,1.0,50.6,7,30.0,29.5,30,1,training,demo,우회전_유도,4/7
2026-10-01T13:13:06,148.0,69.2,0x0,2400,33.8,1.19,859,3190,21.2,0,7.5,76.6,10,126.5,353.8,33,0.0,50.6,7,30.0,29.0,31,1,training,judging,우회전_유도,4/7
2026-10-01T13:13:08,150.0,71.4,0x0,2400,31.4,1.18,868,3181,21.4,0,2.0,76.6,10,123.0,351.5,33,0.5,50.6,7,30.0,29.5,32,1,training,judging,우회전_유도,4/7
2026-10-01T13:13:10,152.0,70.8,0x0,2400,31.8,1.18,868,3181,21.4,0,2.0,76.6,11,122.5,351.5,33,0.0,50.6,7,30.0,30.0,31,1,training,judging,우회전_유도,4/7
2026-10-01T13:13:12,154.0,71.9,0x0,2400,31.1,1.16,860,3189,21.2,0,2.5,76.6,11,122.0,351.1,33,0.0,50.6,7,30.0,30.0,33,1,training,judging,우회전_유도,4/7
2026-10-01T13:13:14,156.0,70.3,0x0,2400,31.8,1.16,857,3193,21.2,0,2.0,76.6,11,124.5,351.1,33,0.0,50.6,7,30.0,30.0,4,1,training,judging,우회전_유도,4/7
2026-10-01T13:13:16,158.0,70.3,0x0,2400,32.1,1.16,859,3190,21.2,0,4.0,76.6,11,121.5,354.1,33,0.5,50.6,7,30.0,30.0,37,1,training,demo,우회전_유도,4/7
2026-10-01T13:13:18,160.0,71.4,0x0,2400,32.6,1.23,858,3191,21.2,0,7.5,76.6,11,121.5,351.3,33,1.5,50.6,7,30.1,30.1,3,1,training,demo,우회전_유도,4/7
2026-10-01T13:13:20,162.0,71.4,0x0,2400,32.5,1.23,864,3186,21.3,0,7.0,76.6,11,123.0,351.3,33,0.5,50.6,7,30.0,29.0,4,1,training,judging,우회전_유도,4/7
2026-10-01T13:13:22,164.0,73.0,0x0,2400,33.2,1.21,859,3190,21.2,0,6.5,76.6,10,125.0,351.2,33,0.5,50.6,7,30.0,29.0,4,1,training,demo,확인_완료,5/7
2026-10-01T13:13:24,166.0,71.4,0x0,2400,32.6,1.21,869,3180,21.5,0,5.5,76.6,10,126.0,351.6,33,0.5,50.6,7,30.0,29.5,6,1,training,demo,확인_완료,5/7
2026-10-01T13:13:26,168.0,71.4,0x0,2400,33.4,1.21,868,3181,21.4,0,6.0,76.6,10,125.0,348.7,33,0.5,50.6,7,30.1,29.6,6,1,training,judging,확인_완료,5/7
2026-10-01T13:13:28,170.0,70.8,0x0,2400,33.0,1.19,867,3182,21.4,0,5.0,76.6,10,125.0,351.6,33,0.5,50.6,7,30.0,30.5,2,1,training,demo,후진,6/7
2026-10-01T13:13:30,172.0,71.4,0x0,2400,33.6,1.19,863,3186,21.3,0,9.5,76.6,10,123.0,353.7,33,0.5,50.6,7,30.1,29.6,9,1,training,judging,후진,6/7
2026-10-01T13:13:32,174.0,70.8,0x0,2400,31.6,1.18,856,3193,21.2,0,2.5,76.6,10,123.5,351.6,33,0.0,50.6,7,30.0,30.0,10,1,training,judging,후진,6/7
2026-10-01T13:13:34,176.0,70.3,0x0,2400,32.6,1.18,857,3192,21.2,0,5.0,76.6,10,121.5,354.1,33,0.5,50.6,7,30.0,30.0,10,1,training,demo,주의,7/7
2026-10-01T13:13:36,178.0,71.9,0x0,2400,32.6,1.18,857,3192,21.2,0,7.0,76.6,10,122.5,354.1,33,1.0,50.6,7,30.0,30.0,13,1,training,demo,주의,7/7
2026-10-01T13:13:38,180.0,71.9,0x0,2400,33.6,1.16,852,3197,21.0,0,5.5,76.6,10,127.5,348.7,33,0.0,50.6,7,30.0,24.0,12,1,training,judging,주의,7/7
2026-10-01T13:13:40,182.0,70.8,0x0,2400,32.3,1.16,857,3192,21.2,0,3.5,76.6,10,123.5,351.3,33,0.5,50.6,7,30.0,24.0,14,0,summary,demo,,8/7
2026-10-01T13:13:42,184.0,70.8,0x0,2400,30.1,1.23,864,3185,21.3,0,0.5,76.6,10,116.5,353.9,33,0.5,50.6,7,30.0,30.0,15,0,summary,demo,,8/7
2026-10-01T13:13:44,186.0,70.8,0x0,2400,30.6,1.23,867,3182,21.4,0,0.5,76.6,10,121.0,354.2,33,0.0,50.6,7,30.0,28.6,16,0,certificate,demo,,8/7
2026-10-01T13:13:46,188.0,71.9,0x0,2400,30.6,1.23,864,3185,21.3,0,0.5,76.6,10,120.0,351.4,33,0.0,50.6,7,30.0,20.2,19,0,certificate,demo,,8/7
2026-10-01T13:13:48,190.0,71.9,0x0,2400,33.0,1.21,870,3179,21.5,0,4.5,77.1,10,125.5,354.1,33,0.5,50.6,7,30.0,19.5,18,1,training,demo,정지,1/7
2026-10-01T13:13:50,192.0,70.8,0x0,1900,33.6,1.21,856,3193,21.2,0,5.0,77.1,10,130.0,351.4,33,0.0,50.6,7,30.0,25.1,18,1,training,judging,정지,1/7
2026-10-01T13:13:52,194.0,72.5,0x0,2400,33.8,1.2,858,3191,21.2,0,5.0,77.1,10,127.0,350.8,33,0.5,50.6,7,30.0,24.5,19,1,training,demo,서행,2/7
2026-10-01T13:13:54,196.0,71.9,0x0,2400,32.7,1.2,864,3185,21.3,0,6.0,77.1,10,124.0,348.9,33,0.5,50.6,7,30.1,30.1,18,1,training,demo,서행,2/7
2026-10-01T13:13:56,198.0,71.9,0x0,2400,33.5,1.2,864,3185,21.3,0,8.0,77.1,10,125.0,351.5,33,0.5,50.6,7,30.0,29.0,21,1,training,judging,서행,2/7
2026-10-01T13:13:58,200.0,71.4,0x0,2400,31.4,1.18,865,3184,21.4,0,3.0,77.1,10,120.5,348.9,33,0.0,50.6,7,30.0,28.5,23,1,training,demo,좌회전_유도,3/7
2026-10-01T13:14:00,202.0,72.5,0x0,2400,32.7,1.18,866,3183,21.4,0,9.0,77.1,10,121.0,351.6,33,1.5,50.6,7,30.0,30.0,23,1,training,judging,좌회전_유도,3/7
2026-10-01T13:14:02,204.0,70.8,0x0,2400,33.3,1.16,858,3191,21.2,0,5.0,77.1,10,124.5,351.3,33,0.0,50.6,7,30.0,30.0,22,1,training,judging,좌회전_유도,3/7
2026-10-01T13:14:04,206.0,71.9,0x0,2400,33.0,1.16,862,3187,21.3,0,5.0,77.1,10,124.0,351.2,33,0.5,50.6,7,30.0,29.0,25,1,training,demo,우회전_유도,4/7
2026-10-01T13:14:06,208.0,74.1,0x0,2400,33.6,1.16,863,3186,21.3,0,7.0,77.1,10,124.0,351.8,33,1.0,50.6,7,30.0,30.0,25,1,training,judging,우회전_유도,4/7
2026-10-01T13:14:08,210.0,73.0,0x0,2400,33.4,1.39,868,3181,21.4,0,5.5,77.1,10,126.5,351.4,33,0.5,50.6,7,30.0,29.0,25,1,training,demo,확인_완료,5/7
2026-10-01T13:14:10,212.0,73.6,0x0,2400,33.6,1.39,867,3182,21.4,0,8.0,77.1,10,122.5,356.5,33,0.5,50.6,7,30.0,30.5,23,1,training,demo,확인_완료,5/7
2026-10-01T13:14:12,214.0,73.0,0x0,2400,33.7,1.52,866,3183,21.4,0,5.5,77.1,10,127.5,356.6,33,0.5,50.6,7,30.1,28.1,25,1,training,judging,확인_완료,5/7
2026-10-01T13:14:14,216.0,71.9,0x0,2400,34.0,1.52,855,3194,21.1,0,2.5,77.1,10,132.0,348.9,33,0.0,50.6,7,30.0,26.5,29,1,training,judging,확인_완료,5/7
2026-10-01T13:14:16,218.0,71.9,0x0,1900,32.5,1.52,857,3192,21.2,0,3.5,77.1,10,124.5,351.4,33,0.0,50.6,7,30.0,29.5,32,1,training,judging,확인_완료,5/7
2026-10-01T13:14:18,220.0,71.9,0x0,2400,33.4,1.56,862,3187,21.3,0,8.0,77.1,10,125.0,354.3,33,1.0,50.6,7,30.0,30.0,29,1,training,demo,확인_완료,5/7
2026-10-01T13:14:20,222.0,71.9,0x0,2400,33.6,1.56,859,3190,21.2,0,7.5,77.1,10,122.5,351.7,33,1.0,50.6,7,30.0,30.0,32,1,training,judging,확인_완료,5/7
2026-10-01T13:14:22,224.0,73.0,0x0,2400,31.8,1.51,863,3186,21.3,0,2.5,77.1,10,123.5,354.0,33,0.0,50.6,7,30.0,30.0,32,1,training,judging,확인_완료,5/7
2026-10-01T13:14:24,226.0,72.5,0x0,2400,31.7,1.51,868,3181,21.4,0,3.5,77.1,10,123.0,354.2,33,0.5,50.6,7,30.0,30.0,35,1,training,demo,확인_완료,5/7
2026-10-01T13:14:26,228.0,71.9,0x0,2400,33.3,1.51,866,3183,21.4,0,9.0,77.1,10,123.5,351.6,33,0.5,50.6,7,30.0,30.0,3,1,training,demo,확인_완료,5/7
2026-10-01T13:14:28,230.0,71.4,0x0,2400,33.8,1.63,864,3185,21.3,0,7.5,77.1,10,125.0,351.6,33,1.0,50.6,7,30.0,30.0,31,1,training,demo,확인_완료,5/7
2026-10-01T13:14:30,232.0,72.5,0x0,2400,32.6,1.63,858,3191,21.2,0,7.0,77.6,10,123.0,351.4,33,1.0,50.6,7,30.0,30.0,5,1,training,demo,확인_완료,5/7
2026-10-01T13:14:32,234.0,71.9,0x0,2400,34.2,1.66,860,3189,21.2,0,8.5,78.1,11,128.5,353.8,33,0.5,50.6,7,30.0,30.0,5,1,training,judging,확인_완료,5/7
2026-10-01T13:14:34,236.0,71.9,0x0,2400,31.5,1.66,859,3190,21.2,0,2.0,78.1,11,123.0,353.8,33,0.0,50.6,7,30.0,30.0,4,1,training,judging,확인_완료,5/7
2026-10-01T13:14:36,238.0,71.9,0x0,2400,31.6,1.66,855,3194,21.1,0,2.5,78.1,11,123.5,351.2,33,0.0,50.6,7,30.0,30.0,4,1,training,judging,확인_완료,5/7
2026-10-01T13:14:38,240.0,71.4,0x0,2400,31.9,1.69,859,3190,21.2,0,2.0,78.1,11,123.5,354.2,33,0.0,50.6,7,30.0,30.0,4,1,training,judging,확인_완료,5/7
2026-10-01T13:14:40,242.0,72.5,0x0,2400,32.1,1.69,864,3185,21.3,0,3.0,78.1,11,124.5,351.7,33,0.5,50.6,7,30.0,30.0,6,1,training,judging,확인_완료,5/7
2026-10-01T13:14:42,244.0,71.9,0x0,2400,32.4,1.72,861,3188,21.3,0,4.5,78.1,10,124.5,351.5,33,0.0,50.6,7,30.0,30.0,4,1,training,demo,후진,6/7
2026-10-01T13:14:44,246.0,73.6,0x0,2400,32.6,1.72,861,3188,21.3,0,7.0,78.1,10,122.5,353.9,33,1.0,50.6,7,30.1,30.1,8,1,training,demo,후진,6/7
2026-10-01T13:14:46,248.0,74.1,0x0,2400,33.5,1.72,852,3197,21.1,0,6.5,78.1,10,125.5,348.7,33,0.5,50.6,7,30.0,28.5,8,1,training,judging,후진,6/7
2026-10-01T13:14:48,250.0,73.0,0x0,2400,32.3,1.66,861,3188,21.3,0,2.0,78.1,10,125.0,351.7,33,0.0,50.6,7,30.0,29.5,7,1,training,judging,후진,6/7
2026-10-01T13:14:50,252.0,73.0,0x0,2400,31.1,1.66,862,3187,21.3,0,2.5,78.1,10,122.0,351.7,33,0.0,50.6,7,30.0,30.0,10,1,training,judging,후진,6/7
2026-10-01T13:14:52,254.0,71.9,0x0,2400,31.8,1.61,862,3187,21.3,0,2.5,78.1,10,124.5,351.6,33,0.0,50.6,7,30.0,30.0,13,1,training,judging,후진,6/7
2026-10-01T13:14:54,256.0,70.8,0x0,2400,31.2,1.61,862,3187,21.3,0,2.0,78.1,10,123.0,351.4,33,0.5,50.6,7,30.0,30.0,9,1,training,judging,후진,6/7
2026-10-01T13:14:56,258.0,71.9,0x0,2400,32.6,1.61,866,3183,21.4,0,5.0,78.1,10,122.0,351.6,33,0.5,50.6,7,30.1,30.1,15,1,training,demo,후진,6/7
2026-10-01T13:14:58,260.0,70.3,0x0,2400,33.0,1.56,861,3188,21.3,0,7.0,78.1,10,124.0,354.2,33,0.5,50.6,7,30.0,30.0,11,1,training,demo,후진,6/7
2026-10-01T13:15:00,262.0,72.5,0x0,2400,32.1,1.56,858,3191,21.2,0,5.0,78.1,10,122.5,351.5,33,0.5,50.6,7,30.0,30.0,13,1,training,judging,후진,6/7
2026-10-01T13:15:02,264.0,71.4,0x0,2400,32.2,1.43,862,3187,21.3,0,4.0,78.1,10,123.5,351.2,33,0.0,50.6,7,30.0,30.0,18,1,training,judging,후진,6/7
2026-10-01T13:15:04,266.0,72.5,0x0,2400,31.8,1.43,868,3181,21.4,0,2.0,78.1,10,123.5,351.5,33,0.0,50.6,7,30.0,30.0,17,1,training,judging,후진,6/7
2026-10-01T13:15:06,268.0,71.4,0x0,2400,31.6,1.43,857,3192,21.2,0,3.0,78.1,10,122.0,351.3,33,0.0,50.6,7,30.1,30.1,19,1,training,judging,후진,6/7
2026-10-01T13:15:08,270.0,73.0,0x0,2400,32.7,1.56,858,3191,21.2,0,4.0,78.1,10,124.0,351.4,33,1.0,50.6,7,30.0,29.5,16,1,training,demo,후진,6/7
2026-10-01T13:15:10,272.0,71.9,0x0,2400,33.0,1.56,873,3176,21.6,0,7.5,78.1,10,122.5,351.9,33,0.5,50.6,7,30.0,30.5,18,1,training,demo,후진,6/7
2026-10-01T13:15:12,274.0,71.4,0x0,2400,32.5,1.51,871,3178,21.5,0,5.5,78.1,10,123.0,351.7,33,0.5,50.6,7,30.0,30.0,18,1,training,judging,후진,6/7
2026-10-01T13:15:14,276.0,73.0,0x0,2400,33.2,1.51,865,3184,21.4,0,6.0,78.1,10,124.0,351.5,33,0.5,50.6,7,30.1,30.1,22,1,training,demo,주의,7/7
2026-10-01T13:15:16,278.0,70.8,0x0,2400,34.2,1.51,871,3178,21.5,0,9.5,78.1,10,123.5,351.7,33,1.0,50.6,7,30.0,30.0,22,1,training,judging,주의,7/7
2026-10-01T13:15:18,280.0,70.3,0x0,2400,32.0,1.47,868,3181,21.4,0,5.0,78.1,10,123.0,351.7,33,0.5,50.6,7,30.0,30.0,21,0,summary,demo,,8/7
2026-10-01T13:15:20,282.0,71.9,0x0,2400,29.3,1.47,871,3178,21.5,0,0.5,78.1,10,116.5,356.7,33,0.0,50.6,7,30.0,30.0,23,0,summary,demo,,8/7
2026-10-01T13:15:22,284.0,72.5,0x0,2400,29.9,1.43,869,3180,21.5,0,0.5,78.1,10,118.0,351.4,33,0.0,50.6,7,30.0,28.0,26,0,certificate,demo,,8/7
2026-10-01T13:15:24,286.0,71.9,0x0,2400,29.6,1.43,867,3182,21.4,0,0.5,78.1,10,117.5,354.2,33,0.0,50.6,7,30.1,29.1,27,0,certificate,demo,,8/7
2026-10-01T13:15:26,288.0,72.5,0x0,2400,28.9,1.43,864,3185,21.3,0,0.5,78.1,10,114.5,353.9,33,0.5,50.6,7,30.0,30.0,28,0,certificate,demo,,8/7
2026-10-01T13:15:28,290.0,73.0,0x0,2400,29.6,1.4,862,3187,21.3,0,0.0,78.1,10,115.5,351.6,33,0.0,50.6,7,30.0,28.0,26,0,certificate,demo,,8/7
2026-10-01T13:15:30,292.0,71.9,0x0,2400,28.7,1.4,864,3185,21.3,0,0.5,78.1,10,115.0,350.8,33,0.0,50.6,7,30.0,30.0,28,0,certificate,demo,,8/7
2026-10-01T13:15:32,294.0,71.4,0x0,2400,28.7,1.37,866,3183,21.4,0,0.5,78.1,10,114.5,351.4,33,0.0,50.6,7,30.0,30.0,31,0,certificate,demo,,8/7
2026-10-01T13:15:34,296.0,71.9,0x0,2400,29.1,1.37,858,3191,21.2,0,0.0,78.1,10,115.5,351.1,33,0.0,50.6,7,30.0,30.0,30,0,certificate,demo,,8/7
2026-10-01T13:15:36,298.0,72.5,0x0,2400,30.8,1.37,857,3192,21.2,0,0.5,78.1,10,121.0,351.5,33,0.5,50.6,7,30.0,29.5,31,0,certificate,demo,,8/7
2026-10-01T13:15:38,300.0,71.9,0x0,1800,30.7,1.34,862,3187,21.3,0,0.5,78.1,10,122.0,354.1,33,0.0,50.6,7,30.0,23.6,5,0,certificate,demo,,8/7
2026-10-01T13:15:40,302.0,73.0,0x0,2400,31.2,1.34,865,3184,21.4,0,0.0,78.1,10,122.0,354.2,33,0.0,50.6,7,30.0,20.2,33,0,certificate,demo,,8/7
2026-10-01T13:15:42,304.0,73.0,0x0,2400,30.9,1.31,870,3179,21.5,0,1.0,78.1,10,121.5,354.1,33,0.0,50.6,7,30.0,16.7,2,0,certificate,demo,,8/7
2026-10-01T13:15:44,306.0,73.0,0x0,2400,30.3,1.31,872,3177,21.5,0,0.5,78.1,10,118.0,351.4,33,0.5,50.6,7,30.0,24.6,1,0,certificate,demo,,8/7
2026-10-01T13:15:46,308.0,72.5,0x0,2400,29.6,1.31,875,3174,21.6,0,0.0,78.1,10,116.5,349.0,33,0.0,50.6,7,30.0,29.5,2,0,certificate,demo,,8/7
2026-10-01T13:15:48,310.0,73.0,0x0,2400,29.8,1.28,872,3177,21.5,0,0.5,78.1,10,120.0,351.6,33,0.0,50.6,7,30.0,25.1,3,0,certificate,demo,,8/7
2026-10-01T13:15:50,312.0,71.4,0x0,2400,29.4,1.28,860,3189,21.2,0,0.0,78.1,10,117.5,354.1,33,0.0,50.6,7,30.0,29.5,3,0,certificate,demo,,8/7
2026-10-01T13:15:52,314.0,71.9,0x0,2400,29.3,1.26,859,3190,21.2,0,1.0,78.1,10,115.5,351.4,33,0.5,50.6,7,30.0,30.0,6,0,certificate,demo,,8/7
2026-10-01T13:15:54,316.0,72.5,0x0,2400,28.9,1.26,880,3169,21.7,0,0.0,78.1,10,116.0,351.4,33,0.0,50.6,7,30.0,30.0,5,0,certificate,demo,,8/7
2026-10-01T13:15:56,318.0,71.9,0x0,2400,29.4,1.26,878,3171,21.7,0,0.5,78.1,10,117.0,348.9,33,0.0,50.6,7,30.0,29.0,7,0,certificate,demo,,8/7
2026-10-01T13:15:58,320.0,72.5,0x0,2400,29.1,1.32,889,3160,21.9,0,1.0,78.1,10,113.5,354.0,33,0.5,50.6,7,30.0,30.0,7,0,certificate,demo,,8/7
2026-10-01T13:16:00,322.0,70.8,0x0,2400,30.1,1.32,869,3180,21.5,0,0.0,78.1,10,118.5,348.8,33,0.0,50.6,7,30.0,28.5,9,0,certificate,demo,,8/7
2026-10-01T13:16:02,324.0,72.5,0x0,2400,28.9,1.29,874,3175,21.6,0,0.5,78.1,10,116.0,354.2,33,0.5,50.6,7,30.0,29.5,9,0,certificate,demo,,8/7
2026-10-01T13:16:04,326.0,73.0,0x0,2400,30.1,1.29,864,3185,21.3,0,0.5,78.1,10,118.0,351.4,33,0.0,50.6,7,30.0,29.0,10,0,certificate,demo,,8/7
2026-10-01T13:16:06,328.0,71.4,0x0,2400,28.9,1.29,880,3169,21.7,0,0.5,78.1,10,115.5,353.8,33,0.0,50.6,7,30.1,30.6,9,0,certificate,demo,,8/7
2026-10-01T13:16:08,330.0,72.5,0x0,2400,28.9,1.27,884,3166,21.8,0,0.0,78.1,10,113.5,351.3,33,0.0,50.6,7,30.0,30.0,13,0,certificate,demo,,8/7
2026-10-01T13:16:10,332.0,72.5,0x0,2400,29.1,1.27,878,3171,21.7,0,0.5,78.1,10,116.5,349.1,33,0.0,50.6,7,30.0,30.0,12,0,certificate,demo,,8/7
2026-10-01T13:16:12,334.0,72.5,0x0,2400,29.5,1.25,878,3171,21.7,0,0.5,78.1,10,118.0,351.4,33,0.5,50.6,7,30.0,29.5,15,0,certificate,demo,,8/7
2026-10-01T13:16:14,336.0,70.8,0x0,1900,29.1,1.25,868,3181,21.4,0,0.5,78.1,10,115.5,351.5,33,0.0,50.6,7,30.0,29.5,17,0,certificate,demo,,8/7
2026-10-01T13:16:16,338.0,71.9,0x0,2400,30.5,1.25,862,3187,21.3,0,0.5,78.1,10,118.5,356.6,33,0.0,50.6,7,30.0,28.5,16,0,certificate,demo,,8/7
2026-10-01T13:16:18,340.0,71.4,0x0,2400,29.4,1.23,859,3190,21.2,0,0.0,78.1,10,117.0,351.5,33,0.5,50.6,7,30.1,30.5,18,0,certificate,demo,,8/7
2026-10-01T13:16:20,342.0,72.5,0x0,2400,30.0,1.23,861,3188,21.3,0,2.0,78.6,11,117.0,351.2,33,0.0,50.6,7,30.0,30.0,19,1,training,demo,정지,1/7
2026-10-01T13:16:22,344.0,72.5,0x0,2400,32.3,1.29,865,3184,21.4,0,6.0,78.6,10,122.5,351.5,33,0.5,50.6,7,30.0,30.0,16,1,training,demo,정지,1/7
2026-10-01T13:16:24,346.0,74.1,0x0,2400,33.5,1.29,863,3186,21.3,0,9.0,78.6,10,123.5,351.5,33,1.0,50.6,7,30.0,30.0,20,1,training,demo,정지,1/7
2026-10-01T13:16:26,348.0,72.5,0x0,2400,34.2,1.29,859,3190,21.2,0,7.0,78.6,10,125.0,351.6,33,0.5,50.6,7,30.1,29.6,24,1,training,demo,정지,1/7
2026-10-01T13:16:28,350.0,74.1,0x0,2400,32.8,1.27,856,3193,21.1,0,7.0,78.6,10,122.0,351.1,33,1.0,50.6,7,30.0,30.5,23,1,training,demo,정지,1/7
2026-10-01T13:16:30,352.0,74.1,0x0,2400,34.0,1.27,862,3187,21.3,0,11.0,80.1,10,123.5,351.5,33,1.0,50.6,7,30.0,30.0,24,1,training,demo,정지,1/7
2026-10-01T13:16:32,354.0,73.6,0x0,2400,33.5,1.25,856,3193,21.1,0,7.0,80.1,10,123.0,351.4,33,0.5,50.6,7,30.0,30.0,24,1,training,demo,정지,1/7
2026-10-01T13:16:34,356.0,74.1,0x0,2400,33.0,1.25,868,3181,21.4,0,7.0,80.1,10,123.0,351.7,33,0.5,50.6,7,30.0,30.0,25,1,training,demo,정지,1/7
2026-10-01T13:16:36,358.0,73.6,0x0,2400,42.7,1.25,899,3150,22.2,0,10.0,80.1,10,127.0,353.9,33,1.0,50.6,7,30.0,30.0,31,1,training,demo,정지,1/7
2026-10-01T13:16:38,360.0,73.6,0x0,2400,38.9,1.31,887,3162,21.9,0,8.5,80.1,10,124.0,351.4,33,1.0,50.6,7,29.9,28.4,26,1,training,demo,정지,1/7
2026-10-01T13:16:40,362.0,74.1,0x0,2400,33.3,1.31,882,3167,21.8,0,7.0,80.1,10,125.0,353.9,33,0.5,50.6,7,30.1,30.1,25,1,training,demo,정지,1/7
2026-10-01T13:16:42,364.0,74.1,0x0,2400,34.1,1.28,881,3168,21.8,0,10.0,80.1,10,124.0,354.1,33,1.0,50.6,7,30.0,30.0,30,1,training,demo,정지,1/7
2026-10-01T13:16:44,366.0,74.1,0x0,2400,33.7,1.28,885,3164,21.9,0,8.0,80.1,10,122.0,351.4,33,1.0,50.6,7,30.0,30.0,32,1,training,demo,정지,1/7
2026-10-01T13:16:46,368.0,75.2,0x0,2400,34.1,1.28,867,3182,21.4,0,7.5,80.1,10,127.0,348.8,33,0.5,50.6,7,30.0,30.0,30,1,training,demo,정지,1/7
2026-10-01T13:16:48,370.0,75.7,0x0,2400,33.7,1.42,870,3179,21.5,0,10.0,80.1,10,123.5,354.1,33,1.0,50.6,7,30.0,30.0,33,1,training,demo,정지,1/7
2026-10-01T13:16:50,372.0,74.7,0x0,2400,34.1,1.42,871,3178,21.5,0,7.5,80.1,10,124.0,351.3,33,1.0,50.6,7,30.0,30.0,31,1,training,demo,정지,1/7
2026-10-01T13:16:52,374.0,75.2,0x0,2400,36.0,1.47,871,3178,21.5,0,8.5,80.1,10,134.5,351.5,33,0.5,50.6,7,30.0,29.5,32,1,training,demo,정지,1/7
2026-10-01T13:16:54,376.0,74.1,0x0,2400,35.9,1.47,864,3185,21.3,0,10.5,80.1,10,130.0,351.2,33,1.0,50.6,7,30.0,30.0,2,1,training,demo,정지,1/7
2026-10-01T13:16:56,378.0,74.1,0x0,2400,33.9,1.47,861,3188,21.3,0,8.0,80.1,10,124.5,351.6,33,0.5,50.6,7,30.1,30.6,2,1,training,demo,정지,1/7
2026-10-01T13:16:58,380.0,75.2,0x0,2400,32.8,1.43,860,3189,21.2,0,7.0,80.1,10,123.0,351.6,33,1.0,50.6,7,30.0,30.0,35,1,training,demo,정지,1/7
2026-10-01T13:17:00,382.0,74.7,0x0,2400,32.8,1.43,864,3186,21.3,0,7.0,80.1,10,123.0,351.4,33,0.5,50.6,7,30.0,30.0,5,1,training,demo,정지,1/7
2026-10-01T13:17:02,384.0,74.7,0x0,2400,36.2,1.47,858,3191,21.2,0,11.0,80.1,10,129.0,351.1,33,1.5,50.6,7,30.0,29.5,5,1,training,demo,정지,1/7
2026-10-01T13:17:04,386.0,75.7,0x0,2400,32.5,1.47,862,3187,21.3,0,7.0,80.1,10,121.0,351.4,33,0.5,50.6,7,30.1,30.5,4,1,training,demo,정지,1/7
2026-10-01T13:17:06,388.0,74.7,0x0,2400,34.6,1.47,858,3191,21.2,0,9.5,80.1,10,128.5,351.6,33,1.0,50.6,7,30.0,30.0,5,1,training,demo,정지,1/7
2026-10-01T13:17:08,390.0,74.7,0x0,2400,34.9,1.44,869,3180,21.5,0,9.0,80.1,10,128.0,351.3,33,0.5,50.6,7,30.0,29.5,7,1,training,demo,정지,1/7
2026-10-01T13:17:10,392.0,73.6,0x0,2400,33.2,1.44,864,3185,21.3,0,7.5,80.1,10,123.5,351.4,33,1.0,50.6,7,30.1,30.5,8,1,training,demo,정지,1/7
2026-10-01T13:17:12,394.0,73.6,0x0,2400,33.5,1.4,862,3187,21.3,0,7.0,80.1,10,125.5,351.3,33,1.0,50.6,7,30.0,29.0,8,1,training,demo,정지,1/7
2026-10-01T13:17:14,396.0,73.6,0x0,2400,33.7,1.4,865,3184,21.4,0,10.5,80.1,10,123.0,351.3,33,0.5,50.6,7,30.1,30.5,10,1,training,demo,정지,1/7
2026-10-01T13:17:16,398.0,74.7,0x0,2400,34.2,1.4,866,3183,21.4,0,8.0,80.1,10,125.0,351.3,33,1.0,50.6,7,30.0,29.5,12,1,training,demo,정지,1/7
2026-10-01T13:17:18,400.0,74.1,0x0,2400,33.2,1.45,866,3183,21.4,0,7.0,80.1,10,124.5,354.1,33,0.5,50.6,7,30.0,29.0,14,1,training,demo,정지,1/7
2026-10-01T13:17:20,402.0,74.7,0x0,2400,33.1,1.45,860,3189,21.2,0,9.5,80.6,10,122.0,351.1,33,1.0,50.6,7,30.0,30.5,15,1,training,demo,정지,1/7
2026-10-01T13:17:22,404.0,74.1,0x0,2400,33.7,1.41,863,3186,21.3,0,8.0,80.6,10,123.5,351.3,33,0.5,50.6,7,30.1,29.6,15,1,training,demo,정지,1/7
2026-10-01T13:17:24,406.0,74.1,0x0,2400,33.3,1.41,865,3184,21.4,0,7.5,80.6,10,123.0,351.3,33,1.5,50.6,7,30.0,30.5,17,1,training,demo,정지,1/7
2026-10-01T13:17:26,408.0,73.6,0x0,2400,34.3,1.41,873,3176,21.6,0,10.0,80.6,10,123.5,356.9,33,0.5,50.6,7,30.0,30.0,17,1,training,demo,정지,1/7
2026-10-01T13:17:28,410.0,73.6,0x0,2400,32.2,1.38,874,3175,21.6,0,7.0,80.6,10,122.0,354.1,33,1.0,50.6,7,30.0,29.5,19,1,training,demo,정지,1/7
2026-10-01T13:17:30,412.0,73.6,0x0,2400,32.9,1.38,878,3171,21.7,0,7.5,80.6,10,121.5,348.7,33,0.5,50.6,7,30.0,30.0,19,1,training,demo,정지,1/7
2026-10-01T13:17:32,414.0,74.1,0x0,2400,35.1,1.35,865,3184,21.4,0,10.0,80.6,10,129.0,353.8,33,1.0,50.6,7,30.0,29.5,18,1,training,demo,정지,1/7
2026-10-01T13:17:34,416.0,73.6,0x0,2400,34.7,1.35,876,3173,21.6,0,7.5,80.6,10,128.0,349.2,33,0.5,50.6,7,30.0,30.0,25,1,training,demo,정지,1/7
2026-10-01T13:17:36,418.0,73.0,0x0,1900,33.2,1.35,867,3183,21.4,0,8.5,80.6,10,123.5,354.4,33,1.0,50.6,7,30.0,30.5,26,1,training,demo,정지,1/7
2026-10-01T13:17:38,420.0,73.0,0x0,2400,33.3,1.32,859,3190,21.2,0,9.0,80.6,10,121.5,351.2,33,0.5,50.6,7,30.0,29.5,22,1,training,demo,정지,1/7
2026-10-01T13:17:40,422.0,74.1,0x0,2400,33.2,1.32,867,3182,21.4,0,7.5,80.6,10,125.5,351.1,33,1.0,50.6,7,30.0,30.0,24,1,training,demo,정지,1/7
2026-10-01T13:17:42,424.0,74.1,0x0,2400,34.8,1.38,868,3181,21.4,0,8.0,80.6,10,127.0,351.5,33,0.5,50.6,7,30.0,30.0,23,1,training,demo,정지,1/7
2026-10-01T13:17:44,426.0,74.1,0x0,2400,33.5,1.38,882,3167,21.8,0,9.5,80.6,10,122.5,351.7,33,1.5,50.6,7,30.0,29.5,25,1,training,demo,정지,1/7
2026-10-01T13:17:46,428.0,71.9,0x0,2400,33.7,1.38,874,3176,21.6,0,7.5,80.6,10,126.5,349.0,33,0.5,50.6,7,30.0,29.0,25,1,training,demo,정지,1/7
2026-10-01T13:17:48,430.0,76.3,0x0,2400,33.8,1.35,875,3174,21.6,0,8.0,80.6,10,124.5,354.0,33,1.0,50.6,7,30.0,29.5,27,1,training,demo,정지,1/7
2026-10-01T13:17:50,432.0,73.0,0x0,2400,32.7,1.35,867,3182,21.4,0,5.0,80.6,10,124.0,351.4,33,0.0,50.6,7,30.0,30.0,27,1,training,judging,정지,1/7
2026-10-01T13:17:52,434.0,73.0,0x0,2400,34.2,1.32,867,3182,21.4,0,6.5,80.6,10,127.0,351.0,33,0.5,50.6,7,30.0,30.0,28,1,training,demo,정지,1/7
2026-10-01T13:17:54,436.0,73.6,0x0,2400,33.1,1.32,869,3180,21.5,0,7.0,80.6,10,124.0,351.5,33,0.5,50.6,7,30.0,30.0,27,1,training,demo,정지,1/7
2026-10-01T13:17:56,438.0,71.9,0x0,2400,33.0,1.32,887,3162,21.9,0,8.0,80.6,10,122.5,351.3,33,1.5,50.6,7,30.0,30.0,35,1,training,demo,정지,1/7
2026-10-01T13:17:58,440.0,74.7,0x0,2400,34.0,1.29,873,3176,21.6,0,7.0,80.6,10,127.5,351.5,33,0.0,50.6,7,30.0,30.0,29,1,training,judging,정지,1/7
2026-10-01T13:18:00,442.0,74.1,0x0,2400,32.8,1.29,878,3171,21.7,0,4.5,80.6,10,124.5,354.2,33,0.5,50.6,7,30.0,29.5,5,1,training,demo,서행,2/7
2026-10-01T13:18:02,444.0,71.9,0x0,2400,34.0,1.27,876,3173,21.6,0,7.0,80.6,10,124.5,354.2,33,0.5,50.6,7,30.0,30.0,2,1,training,demo,서행,2/7
2026-10-01T13:18:04,446.0,73.0,0x0,2400,32.3,1.27,874,3175,21.6,0,5.5,80.6,10,122.5,354.2,33,1.0,50.6,7,30.0,30.0,33,1,training,judging,서행,2/7
2026-10-01T13:18:06,448.0,71.9,0x0,2400,33.2,1.27,872,3177,21.5,0,5.5,80.6,10,125.5,354.2,33,0.5,50.6,7,30.0,30.0,2,1,training,demo,좌회전_유도,3/7
2026-10-01T13:18:08,450.0,73.0,0x0,2400,32.6,1.25,869,3180,21.5,0,5.0,80.6,10,123.0,354.2,33,0.0,50.6,7,30.1,30.1,35,1,training,demo,좌회전_유도,3/7
2026-10-01T13:18:10,452.0,73.0,0x0,2400,32.6,1.25,868,3181,21.4,0,6.5,80.6,10,122.5,354.2,33,0.5,50.6,7,30.0,30.0,3,1,training,judging,좌회전_유도,3/7
2026-10-01T13:18:12,454.0,73.0,0x0,2400,33.9,1.39,866,3183,21.4,0,7.0,80.6,10,127.0,354.2,33,0.5,50.6,7,30.0,30.0,36,1,training,demo,우회전_유도,4/7
2026-10-01T13:18:14,456.0,71.9,0x0,2400,31.4,1.39,865,3184,21.4,0,4.5,80.6,10,121.0,354.2,33,0.5,50.6,7,30.0,30.0,5,1,training,demo,우회전_유도,4/7
2026-10-01T13:18:16,458.0,73.0,0x0,2400,32.4,1.39,864,3185,21.3,0,6.0,80.6,10,121.5,354.2,33,0.5,50.6,7,30.0,30.0,3,1,training,judging,우회전_유도,4/7
2026-10-01T13:18:18,460.0,74.1,0x0,2400,34.0,1.36,852,3197,21.1,0,5.5,80.6,10,129.5,351.2,33,0.5,50.6,7,30.0,29.5,5,1,training,demo,확인_완료,5/7
2026-10-01T13:18:20,462.0,72.5,0x0,2400,33.0,1.36,857,3192,21.2,0,8.0,78.8,10,122.0,351.6,33,1.0,50.6,7,30.0,30.0,7,1,training,demo,확인_완료,5/7
2026-10-01T13:18:22,464.0,72.5,0x0,2400,32.4,1.33,862,3187,21.3,0,4.5,78.8,10,123.0,354.1,33,0.0,50.6,7,30.0,30.0,9,1,training,judging,확인_완료,5/7
2026-10-01T13:18:24,466.0,72.5,0x0,2400,32.4,1.33,860,3189,21.2,0,5.5,78.8,10,123.5,351.7,33,1.0,50.6,7,30.0,29.5,7,1,training,demo,후진,6/7
2026-10-01T13:18:26,468.0,72.5,0x0,2400,32.7,1.33,854,3195,21.1,0,6.5,78.8,10,123.0,351.1,33,0.5,50.6,7,30.0,30.0,12,1,training,demo,후진,6/7
2026-10-01T13:18:28,470.0,72.5,0x0,2400,33.5,1.38,854,3195,21.1,0,6.0,78.8,10,126.5,351.6,33,0.5,50.6,7,30.0,29.5,9,1,training,judging,후진,6/7
2026-10-01T13:18:30,472.0,72.5,0x0,2400,31.4,1.38,857,3192,21.2,0,2.5,78.8,10,122.0,351.4,33,0.0,50.6,7,30.0,30.5,10,1,training,judging,후진,6/7
2026-10-01T13:18:32,474.0,71.4,0x0,2400,32.1,1.35,861,3188,21.3,0,4.0,78.8,10,124.0,351.5,33,0.5,50.6,7,30.0,30.0,13,1,training,judging,후진,6/7
2026-10-01T13:18:34,476.0,73.0,0x0,2400,33.1,1.35,859,3190,21.2,0,5.5,78.8,10,124.5,351.6,33,0.5,50.6,7,30.0,30.0,15,1,training,demo,주의,7/7
2026-10-01T13:18:36,478.0,71.9,0x0,2400,31.7,1.35,865,3184,21.4,0,4.0,78.8,10,121.5,351.6,33,0.0,50.6,7,30.0,30.0,15,1,training,judging,주의,7/7
2026-10-01T13:18:38,480.0,71.9,0x0,2400,33.7,1.4,863,3186,21.3,0,5.0,78.8,11,128.0,351.4,33,0.5,50.6,7,30.0,29.5,16,1,summary,demo,,8/7
2026-10-01T13:18:40,482.0,71.9,0x0,2400,28.8,1.4,868,3181,21.4,0,0.5,78.8,10,115.0,351.5,33,0.0,50.6,7,30.0,30.0,21,0,summary,demo,,8/7
2026-10-01T13:18:42,484.0,71.9,0x0,2400,28.9,1.37,863,3186,21.3,0,0.5,78.8,10,114.0,351.1,33,0.5,50.6,7,30.0,30.0,19,0,summary,demo,,8/7
2026-10-01T13:18:44,486.0,71.9,0x0,2400,28.8,1.37,863,3187,21.3,0,0.5,78.8,10,115.0,350.2,33,0.0,50.6,7,30.0,29.5,18,0,certificate,demo,,8/7
2026-10-01T13:18:46,488.0,71.4,0x0,2400,29.0,1.37,864,3185,21.3,0,0.5,78.8,10,114.0,351.6,33,0.5,50.6,7,30.0,30.0,20,0,certificate,demo,,8/7
2026-10-01T13:18:48,490.0,71.9,0x0,2400,32.5,1.34,870,3179,21.5,0,6.5,79.3,10,122.0,354.4,33,0.0,50.6,7,30.0,29.5,23,1,training,demo,정지,1/7
2026-10-01T13:18:50,492.0,73.0,0x0,2400,32.7,1.34,864,3185,21.3,0,6.5,79.3,10,122.0,353.6,33,0.5,50.6,7,30.0,30.0,22,1,training,judging,정지,1/7
2026-10-01T13:18:52,494.0,71.9,0x0,2400,32.6,1.31,875,3174,21.6,0,4.0,79.3,10,125.0,351.5,33,1.0,50.6,7,29.9,29.9,23,1,training,judging,정지,1/7
2026-10-01T13:18:54,496.0,71.9,0x0,2400,32.9,1.31,876,3173,21.6,0,4.0,79.3,10,124.5,351.8,33,0.5,50.6,7,30.0,30.0,24,1,training,demo,서행,2/7
2026-10-01T13:18:56,498.0,72.5,0x0,2400,33.3,1.31,866,3183,21.4,0,10.0,79.3,10,122.5,351.7,33,0.5,50.6,7,30.0,29.6,25,1,training,judging,서행,2/7
2026-10-01T13:18:58,500.0,70.8,0x0,1900,32.5,1.29,864,3185,21.3,0,2.5,79.3,10,126.5,353.7,33,0.0,50.6,7,30.0,30.0,27,1,training,judging,서행,2/7
2026-10-01T13:19:00,502.0,72.5,0x0,2400,33.2,1.29,875,3174,21.6,0,4.5,79.3,10,124.0,351.8,33,0.5,50.6,7,30.0,30.0,25,1,training,demo,좌회전_유도,3/7
2026-10-01T13:19:02,504.0,71.4,0x0,2400,33.0,1.26,870,3179,21.5,0,8.0,79.3,10,121.0,351.3,33,0.5,50.6,7,30.0,30.0,27,1,training,judging,좌회전_유도,3/7
2026-10-01T13:19:04,506.0,71.9,0x0,2400,34.1,1.26,869,3180,21.5,0,3.0,79.3,10,131.5,351.1,33,0.5,50.6,7,30.0,28.5,26,1,training,judging,좌회전_유도,3/7
2026-10-01T13:19:06,508.0,73.0,0x0,2400,32.1,1.26,878,3171,21.7,0,5.0,79.3,10,122.5,351.6,33,0.5,50.6,7,30.1,30.1,30,1,training,demo,우회전_유도,4/7
2026-10-01T13:19:08,510.0,72.5,0x0,2400,32.4,1.24,866,3183,21.4,0,8.0,79.3,10,121.0,353.8,33,1.0,50.6,7,30.0,30.0,30,1,training,demo,우회전_유도,4/7
2026-10-01T13:19:10,512.0,71.4,0x0,2400,35.0,1.24,864,3185,21.3,0,10.0,79.3,10,126.5,351.4,33,0.5,50.6,7,30.0,29.5,30,1,training,judging,우회전_유도,4/7
2026-10-01T13:19:12,514.0,71.9,0x0,2400,32.8,1.22,868,3181,21.4,0,4.0,79.3,10,124.5,351.8,33,0.5,50.6,7,30.1,29.6,32,1,training,demo,확인_완료,5/7
2026-10-01T13:19:14,516.0,72.5,0x0,2400,33.5,1.22,877,3172,21.7,0,7.5,79.3,10,123.5,351.3,33,1.0,50.6,7,30.1,29.6,35,1,training,demo,확인_완료,5/7
2026-10-01T13:19:16,518.0,71.4,0x0,2400,33.2,1.22,870,3179,21.5,0,7.5,79.3,10,124.0,351.1,33,0.5,50.6,7,30.0,30.5,34,1,training,judging,확인_완료,5/7
2026-10-01T13:19:18,520.0,70.8,0x0,2400,32.9,1.2,878,3171,21.7,0,5.0,79.3,10,124.5,349.2,33,0.5,50.6,7,30.0,29.5,35,1,training,demo,후진,6/7
2026-10-01T13:19:20,522.0,70.8,0x0,2400,32.9,1.2,861,3188,21.3,0,6.0,79.3,10,123.5,349.0,33,0.5,50.6,7,30.0,30.0,2,1,training,judging,후진,6/7
2026-10-01T13:19:22,524.0,71.4,0x0,2400,31.9,1.19,865,3184,21.4,0,2.5,79.3,10,125.0,351.0,33,0.0,50.6,7,30.1,30.1,5,1,training,judging,후진,6/7
2026-10-01T13:19:24,526.0,71.4,0x0,2400,31.6,1.19,869,3180,21.5,0,3.0,79.3,10,122.5,351.4,33,0.0,50.6,7,30.0,29.5,7,1,training,judging,후진,6/7
2026-10-01T13:19:26,528.0,71.9,0x0,2400,32.4,1.19,872,3177,21.5,0,5.0,79.3,10,121.5,354.1,33,1.0,50.6,7,30.0,30.0,4,1,training,demo,주의,7/7
2026-10-01T13:19:28,530.0,70.3,0x0,2400,31.5,1.41,874,3175,21.6,0,6.0,79.3,10,119.5,354.2,33,0.5,50.6,7,30.1,30.1,9,1,training,judging,주의,7/7
2026-10-01T13:19:30,532.0,71.9,0x0,2400,32.5,1.41,864,3185,21.3,0,5.0,79.3,10,123.5,351.6,33,0.5,50.6,7,30.0,29.5,7,1,summary,demo,,8/7
2026-10-01T13:19:32,534.0,72.5,0x0,2400,29.8,1.46,864,3185,21.3,0,1.0,79.3,10,117.0,354.0,33,0.0,50.6,7,30.0,30.5,6,0,summary,demo,,8/7
2026-10-01T13:19:34,536.0,70.8,0x0,2400,29.9,1.46,861,3188,21.3,0,2.0,79.3,10,117.5,353.8,33,0.5,50.6,7,30.0,27.6,7,0,summary,demo,,8/7
2026-10-01T13:19:36,538.0,71.4,0x0,2400,28.5,1.46,863,3186,21.3,0,0.5,79.3,10,113.5,354.3,33,0.0,50.6,7,30.0,30.5,10,0,summary,demo,,8/7
2026-10-01T13:19:38,540.0,71.4,0x0,2400,29.2,1.42,858,3191,21.2,0,0.5,79.3,10,114.5,348.7,33,0.0,50.6,7,30.0,30.0,11,0,summary,demo,,8/7
2026-10-01T13:19:40,542.0,71.4,0x0,2400,28.8,1.42,865,3184,21.4,0,0.0,79.3,10,112.0,351.2,33,0.0,50.6,7,30.0,29.5,9,0,summary,demo,,8/7
2026-10-01T13:19:42,544.0,69.2,0x0,2400,27.8,1.39,866,3183,21.4,0,0.5,79.3,10,111.0,349.2,33,0.5,50.6,7,30.1,30.1,11,0,summary,demo,,8/7
2026-10-01T13:19:44,546.0,70.3,0x0,2400,28.1,1.39,863,3186,21.3,0,0.0,79.3,10,112.0,351.8,33,0.0,50.6,7,30.0,30.0,9,0,summary,demo,,8/7
2026-10-01T13:19:46,548.0,71.9,0x0,2400,28.1,1.39,864,3185,21.3,0,0.5,79.3,10,111.0,351.8,33,0.0,50.6,7,30.0,30.0,10,0,summary,demo,,8/7
2026-10-01T13:19:48,550.0,69.7,0x0,2400,27.9,1.36,853,3196,21.1,0,0.5,79.3,10,111.5,351.4,33,0.5,50.6,7,30.0,30.0,16,0,summary,demo,,8/7
2026-10-01T13:19:50,552.0,71.9,0x0,2400,29.3,1.36,855,3194,21.1,0,0.0,79.3,10,115.5,351.5,33,0.0,50.6,7,30.0,30.0,16,0,summary,demo,,8/7
2026-10-01T13:19:52,554.0,69.7,0x0,2400,29.6,1.49,856,3193,21.1,0,0.5,79.3,10,117.0,351.0,33,0.0,50.6,7,30.0,27.5,18,0,summary,demo,,8/7
2026-10-01T13:19:54,556.0,70.8,0x0,2400,28.3,1.49,861,3188,21.3,0,0.5,79.3,10,113.0,351.6,33,0.0,50.6,7,30.0,30.5,18,0,summary,demo,,8/7
2026-10-01T13:19:56,558.0,69.7,0x0,2400,29.5,1.49,860,3189,21.2,0,0.5,79.3,10,117.0,354.0,33,0.5,50.6,7,30.0,29.5,19,0,summary,demo,,8/7
2026-10-01T13:19:58,560.0,69.7,0x0,2400,29.3,1.61,863,3186,21.3,0,0.0,79.3,10,115.0,353.8,33,0.0,50.6,7,30.1,30.5,20,0,summary,demo,,8/7
2026-10-01T13:20:00,562.0,72.5,0x0,2400,30.2,1.61,857,3192,21.2,0,0.5,79.3,10,120.0,353.8,33,0.0,50.6,7,30.0,29.0,21,0,certificate,demo,,8/7
2026-10-01T13:20:02,564.0,69.7,0x0,2400,28.9,1.56,864,3185,21.3,0,0.5,79.3,10,114.0,354.4,33,0.5,50.6,7,30.0,30.5,21,0,certificate,demo,,8/7
2026-10-01T13:20:04,566.0,70.3,0x0,2400,28.8,1.56,864,3185,21.3,0,0.0,79.3,10,113.0,348.9,33,0.0,50.6,7,30.0,30.0,21,0,certificate,demo,,8/7
2026-10-01T13:20:06,568.0,70.3,0x0,2400,28.8,1.56,869,3180,21.5,0,0.5,79.3,10,115.0,351.6,33,0.0,50.6,7,30.0,29.5,24,0,certificate,demo,,8/7
2026-10-01T13:20:08,570.0,70.3,0x0,2400,28.4,1.52,860,3189,21.2,0,0.5,79.3,10,113.0,351.6,33,0.0,50.6,7,30.0,30.5,24,0,certificate,demo,,8/7
2026-10-01T13:20:10,572.0,69.7,0x0,2400,29.4,1.52,858,3191,21.2,0,0.0,79.3,10,114.5,351.7,33,0.5,50.6,7,30.0,30.0,26,0,certificate,demo,,8/7
2026-10-01T13:20:12,574.0,70.8,0x0,2400,28.8,1.48,862,3187,21.3,0,1.0,79.3,10,113.5,351.6,33,0.0,50.6,7,30.0,30.0,24,0,certificate,demo,,8/7
2026-10-01T13:20:14,576.0,69.7,0x0,2400,29.8,1.48,862,3187,21.3,0,2.0,79.3,10,116.0,351.5,33,0.0,50.6,7,30.0,30.0,27,1,training,demo,정지,1/7
2026-10-01T13:20:16,578.0,70.8,0x0,2400,33.1,1.48,857,3192,21.2,0,6.5,79.3,10,122.5,349.0,33,0.5,50.6,7,30.0,29.5,30,1,training,demo,정지,1/7
2026-10-01T13:20:18,580.0,70.3,0x0,2400,33.0,1.44,862,3188,21.3,0,8.5,79.3,10,121.5,354.3,33,1.0,50.6,7,30.0,30.5,34,1,training,demo,정지,1/7
2026-10-01T13:20:20,582.0,70.3,0x0,2400,31.4,1.44,884,3165,21.8,0,2.5,79.3,11,122.0,351.2,33,0.5,50.6,7,30.0,30.0,29,1,training,judging,정지,1/7
2026-10-01T13:20:22,584.0,70.3,0x0,2400,32.2,1.4,877,3172,21.6,0,4.5,79.3,11,125.0,351.4,33,0.0,50.6,7,30.0,30.0,29,1,training,judging,정지,1/7
2026-10-01T13:20:24,586.0,70.8,0x0,2400,32.1,1.4,875,3174,21.6,0,2.0,79.3,11,125.5,351.7,33,0.0,50.6,7,30.0,29.0,32,1,training,judging,정지,1/7
2026-10-01T13:20:26,588.0,71.4,0x0,2400,31.3,1.4,876,3173,21.6,0,2.5,79.3,11,122.5,351.6,33,0.0,50.6,7,30.0,30.0,33,1,training,judging,정지,1/7
2026-10-01T13:20:28,590.0,70.8,0x0,2400,32.4,1.37,874,3175,21.6,0,2.5,79.3,11,125.0,349.2,33,0.0,50.6,7,30.0,29.5,34,1,camera_fail,judging,정지,1/7
2026-10-01T13:20:30,592.0,70.3,0x0,1800,31.3,1.37,880,3169,21.7,0,7.0,79.3,11,115.0,351.5,33,1.0,50.6,7,30.0,30.5,2,0,camera_fail,judging,정지,1/7
2026-10-01T13:20:32,594.0,71.4,0x0,2400,31.2,1.34,864,3185,21.3,0,7.5,79.3,10,115.5,351.6,33,1.0,50.6,7,30.0,29.5,2,0,camera_fail,judging,정지,1/7
2026-10-01T13:20:34,596.0,71.4,0x0,2400,31.6,1.34,869,3180,21.5,0,7.0,79.8,10,118.5,351.1,33,0.5,50.6,7,30.0,30.0,35,1,training,demo,정지,1/7
2026-10-01T13:20:36,598.0,70.8,0x0,2400,33.3,1.34,870,3179,21.5,0,7.5,79.8,10,123.0,349.0,33,0.5,50.6,7,30.0,30.0,2,1,training,demo,정지,1/7
2026-10-01T13:20:38,600.0,71.4,0x0,2400,32.4,1.31,872,3177,21.5,0,7.0,79.8,10,121.5,351.8,33,1.0,50.6,7,30.0,28.5,6,1,training,demo,정지,1/7
2026-10-01T13:20:40,602.0,70.3,0x0,2400,32.6,1.31,869,3180,21.5,0,9.0,80.8,10,120.0,351.4,33,0.5,50.6,7,29.9,29.9,7,1,training,demo,정지,1/7
2026-10-01T13:20:42,604.0,70.8,0x0,2400,33.3,1.29,867,3182,21.4,0,7.5,80.8,10,121.5,351.3,33,1.0,50.6,7,30.1,30.1,3,1,training,judging,정지,1/7
2026-10-01T13:20:44,606.0,70.3,0x0,2400,30.5,1.29,866,3183,21.4,0,2.0,80.8,10,120.5,351.6,33,0.0,50.6,7,30.0,30.0,7,1,training,judging,정지,1/7
2026-10-01T13:20:46,608.0,70.3,0x0,2400,30.9,1.29,862,3187,21.3,0,2.0,80.8,10,121.0,351.6,33,0.0,50.6,7,30.0,30.0,8,1,training,judging,정지,1/7
2026-10-01T13:20:48,610.0,71.4,0x0,2400,31.4,1.42,870,3179,21.5,0,3.0,80.8,10,120.0,351.9,33,0.0,50.6,7,30.0,30.0,7,1,training,judging,정지,1/7
2026-10-01T13:20:50,612.0,69.7,0x0,2400,31.1,1.42,863,3186,21.3,0,2.5,80.8,10,120.5,351.6,33,0.5,50.6,7,30.0,30.0,10,1,training,judging,정지,1/7
2026-10-01T13:20:52,614.0,70.8,0x0,2400,31.9,1.39,862,3187,21.3,0,3.0,80.8,10,123.0,351.4,33,0.0,50.6,7,30.0,30.0,10,1,training,judging,정지,1/7
2026-10-01T13:20:54,616.0,68.1,0x0,2400,31.8,1.39,871,3178,21.5,0,5.0,80.8,10,119.0,351.8,33,0.5,50.6,7,30.0,30.0,10,1,training,demo,정지,1/7
2026-10-01T13:20:56,618.0,69.7,0x0,2400,32.9,1.39,870,3179,21.5,0,8.5,80.2,10,122.0,351.8,33,1.0,50.6,7,30.0,30.0,15,1,training,demo,정지,1/7
2026-10-01T13:20:58,620.0,70.3,0x0,2400,31.3,1.44,869,3180,21.5,0,6.0,80.2,10,120.0,351.4,33,0.5,50.6,7,30.0,30.0,11,1,training,judging,정지,1/7
2026-10-01T13:21:00,622.0,70.8,0x0,2400,30.8,1.44,864,3185,21.3,0,2.0,80.2,10,120.0,351.1,33,0.0,50.6,7,30.0,30.0,14,1,training,judging,정지,1/7
2026-10-01T13:21:02,624.0,70.8,0x0,2400,32.0,1.4,870,3179,21.5,0,3.5,80.2,10,122.5,353.8,33,0.0,50.6,7,30.0,30.0,16,1,training,judging,정지,1/7
2026-10-01T13:21:04,626.0,70.3,0x0,2400,31.0,1.4,867,3182,21.4,0,2.0,80.2,10,120.5,348.7,33,0.0,50.6,7,30.0,30.0,15,1,training,judging,정지,1/7
2026-10-01T13:21:06,628.0,71.4,0x0,2400,31.0,1.4,885,3164,21.9,0,2.5,80.2,10,122.0,351.3,33,0.0,50.6,7,30.0,30.0,21,1,training,judging,정지,1/7
2026-10-01T13:21:08,630.0,69.7,0x0,2400,31.3,1.37,866,3183,21.4,0,3.0,80.2,10,120.0,351.4,33,0.5,50.6,7,30.0,30.0,17,1,training,judging,정지,1/7
2026-10-01T13:21:10,632.0,70.8,0x0,2400,32.2,1.37,872,3177,21.5,0,7.5,80.2,10,120.0,351.5,33,0.5,50.6,7,30.0,30.0,16,1,training,demo,정지,1/7
2026-10-01T13:21:12,634.0,70.8,0x0,2400,32.5,1.34,865,3184,21.4,0,7.5,80.2,10,121.5,351.4,33,1.0,50.6,7,30.0,30.0,20,1,training,demo,정지,1/7
2026-10-01T13:21:14,636.0,69.2,0x0,2400,32.5,1.34,883,3166,21.8,0,6.5,80.2,10,120.0,348.8,33,0.5,50.6,7,30.0,30.0,19,1,training,demo,정지,1/7
2026-10-01T13:21:16,638.0,69.2,0x0,2400,31.4,1.34,887,3162,21.9,0,7.0,81.7,10,119.5,351.6,33,1.0,50.6,7,30.0,30.0,18,1,training,demo,정지,1/7
2026-10-01T13:21:18,640.0,69.7,0x0,2400,33.5,1.31,895,3154,22.1,0,9.5,81.7,10,122.5,351.2,33,1.0,50.6,7,30.0,30.0,21,1,training,demo,정지,1/7
2026-10-01T13:21:20,642.0,69.7,0x0,2400,32.7,1.31,882,3167,21.8,0,7.5,81.7,10,120.5,351.6,33,1.0,50.6,7,30.0,30.0,23,1,training,demo,정지,1/7
2026-10-01T13:21:22,644.0,71.4,0x0,2400,33.2,1.29,872,3177,21.5,0,9.5,81.7,10,121.5,351.7,33,0.5,50.6,7,30.0,30.0,25,1,training,demo,정지,1/7
2026-10-01T13:21:24,646.0,70.8,0x0,2400,32.0,1.29,863,3186,21.3,0,7.0,81.7,10,120.0,351.6,33,0.5,50.6,7,30.0,30.0,25,1,training,demo,정지,1/7
2026-10-01T13:21:26,648.0,71.9,0x0,2400,32.3,1.29,862,3187,21.3,0,7.0,81.7,10,120.0,349.0,33,0.5,50.6,7,30.0,30.0,25,1,training,demo,정지,1/7
2026-10-01T13:21:28,650.0,68.1,0x0,2400,32.2,1.27,865,3184,21.4,0,7.0,81.7,10,121.5,351.5,33,1.0,50.6,7,30.0,30.0,25,1,training,demo,정지,1/7
2026-10-01T13:21:30,652.0,69.7,0x0,2400,32.9,1.27,873,3176,21.6,0,10.0,81.7,10,120.5,349.0,33,0.5,50.6,7,30.0,30.0,29,1,training,demo,정지,1/7
2026-10-01T13:21:32,654.0,69.7,0x0,2400,33.1,1.24,880,3169,21.7,0,7.0,81.7,10,122.0,354.1,33,1.0,50.6,7,30.1,30.1,32,1,training,demo,정지,1/7
2026-10-01T13:21:34,656.0,69.2,0x0,2400,32.3,1.24,877,3172,21.7,0,6.5,81.7,10,119.5,351.7,33,0.5,50.6,7,30.0,30.0,30,1,training,demo,정지,1/7
2026-10-01T13:21:36,658.0,69.7,0x0,2400,32.7,1.24,866,3183,21.4,0,10.0,82.2,10,120.0,349.0,33,1.0,50.6,7,30.0,30.0,31,1,training,demo,정지,1/7
2026-10-01T13:21:38,660.0,70.3,0x0,2400,33.2,1.22,862,3187,21.3,0,7.0,82.2,10,122.0,351.3,33,0.5,50.6,7,30.0,30.0,30,1,training,demo,정지,1/7
2026-10-01T13:21:40,662.0,68.6,0x0,2400,32.1,1.22,876,3173,21.6,0,6.5,82.2,10,119.5,351.4,33,0.5,50.6,7,30.0,30.0,30,1,training,demo,정지,1/7
2026-10-01T13:21:42,664.0,69.7,0x0,2400,33.2,1.21,866,3183,21.4,0,9.5,82.2,10,121.5,354.0,33,1.0,50.6,7,30.0,30.0,32,1,training,demo,정지,1/7
2026-10-01T13:21:44,666.0,70.3,0x0,2400,32.6,1.21,867,3182,21.4,0,7.0,82.2,10,120.0,351.5,33,1.0,50.6,7,30.0,30.0,33,1,training,demo,정지,1/7
2026-10-01T13:21:46,668.0,69.7,0x0,2400,32.3,1.21,867,3182,21.4,0,7.5,82.2,10,119.5,351.4,33,1.0,50.6,7,30.0,30.0,1,1,training,demo,정지,1/7
2026-10-01T13:21:48,670.0,69.7,0x0,2400,32.8,1.35,867,3182,21.4,0,8.5,82.2,10,122.0,351.3,33,0.0,50.6,7,30.0,30.0,35,1,training,judging,정지,1/7
2026-10-01T13:21:50,672.0,69.7,0x0,2400,30.8,1.35,859,3190,21.2,0,2.0,82.2,10,119.5,351.3,33,0.5,50.6,7,30.0,30.0,3,1,training,judging,정지,1/7
2026-10-01T13:21:52,674.0,68.6,0x0,2400,31.7,1.4,872,3177,21.5,0,2.5,82.2,10,123.5,351.6,33,0.0,50.6,7,30.0,29.5,2,1,training,judging,정지,1/7
2026-10-01T13:21:54,676.0,69.2,0x0,2400,31.0,1.4,878,3171,21.7,0,1.5,82.2,10,120.0,353.9,33,0.0,50.6,7,30.0,29.5,3,1,training,judging,정지,1/7
2026-10-01T13:21:56,678.0,68.1,0x0,2400,31.0,1.4,871,3178,21.5,0,2.5,81.5,10,119.5,351.8,33,0.0,50.6,7,30.0,30.5,6,1,training,judging,정지,1/7
2026-10-01T13:21:58,680.0,69.7,0x0,2400,32.4,1.37,871,3178,21.5,0,4.0,81.5,10,123.0,351.8,33,0.5,50.6,7,30.0,30.0,4,1,training,demo,서행,2/7
2026-10-01T13:22:00,682.0,69.2,0x0,2400,31.6,1.37,862,3187,21.3,0,6.5,81.5,10,119.5,351.6,33,0.5,50.6,7,30.0,30.0,7,1,training,demo,서행,2/7
2026-10-01T13:22:02,684.0,69.2,0x0,2400,32.4,1.34,857,3192,21.2,0,8.0,81.5,10,119.5,351.1,33,1.0,50.6,7,30.0,30.0,8,1,training,demo,서행,2/7
2026-10-01T13:22:04,686.0,69.7,0x0,2400,32.9,1.34,858,3191,21.2,0,7.5,81.5,10,121.5,351.0,33,0.5,50.6,7,30.0,29.5,10,1,training,demo,서행,2/7
2026-10-01T13:22:06,688.0,68.6,0x0,2400,31.3,1.34,868,3181,21.4,0,3.5,81.5,10,120.0,351.7,33,0.0,50.6,7,30.0,30.5,7,1,training,judging,서행,2/7
2026-10-01T13:22:08,690.0,69.2,0x0,2400,31.3,1.31,860,3189,21.2,0,2.0,81.5,10,122.5,351.4,33,0.5,50.6,7,30.0,30.0,9,1,training,judging,서행,2/7
2026-10-01T13:22:10,692.0,70.8,0x0,2400,31.3,1.31,864,3185,21.3,0,3.0,81.5,10,119.5,351.8,33,0.0,50.6,7,30.0,30.0,11,1,training,judging,서행,2/7
2026-10-01T13:22:12,694.0,69.7,0x0,2400,30.8,1.37,858,3191,21.2,0,2.5,81.5,10,120.5,351.2,33,0.0,50.6,7,30.0,30.0,14,1,training,judging,서행,2/7
2026-10-01T13:22:14,696.0,69.2,0x0,2400,31.5,1.37,869,3180,21.5,0,2.0,81.5,10,121.5,351.5,33,0.5,50.6,7,30.0,30.0,13,1,training,judging,서행,2/7
2026-10-01T13:22:16,698.0,69.7,0x0,2400,32.2,1.37,877,3172,21.7,0,4.5,81.5,10,120.0,351.4,33,0.5,50.6,7,30.0,30.0,10,1,training,demo,서행,2/7
2026-10-01T13:22:18,700.0,69.7,0x0,2400,33.5,1.34,881,3168,21.8,0,9.0,81.5,10,123.5,351.6,33,0.5,50.6,7,30.0,30.0,14,1,training,demo,서행,2/7
2026-10-01T13:22:20,702.0,70.3,0x0,2400,31.9,1.34,876,3173,21.6,0,6.5,81.5,10,119.5,351.3,33,1.0,50.6,7,30.0,30.0,18,1,training,demo,서행,2/7
2026-10-01T13:22:22,704.0,69.2,0x0,2400,32.4,1.31,874,3176,21.6,0,6.0,81.5,10,120.0,351.5,33,0.5,50.6,7,30.0,30.0,15,1,training,judging,서행,2/7
2026-10-01T13:22:24,706.0,69.7,0x0,2400,31.1,1.31,878,3171,21.7,0,2.0,81.5,10,121.0,351.5,33,0.0,50.6,7,30.0,30.0,14,1,training,judging,서행,2/7
2026-10-01T13:22:26,708.0,69.2,0x0,2400,31.0,1.31,887,3162,21.9,0,4.0,81.5,10,120.5,351.8,33,0.0,50.6,7,30.0,30.0,20,1,training,judging,서행,2/7
2026-10-01T13:22:28,710.0,69.2,0x0,2400,31.9,1.29,874,3176,21.6,0,2.5,81.5,10,123.5,351.5,33,0.0,50.6,7,30.0,30.0,19,1,training,judging,서행,2/7
2026-10-01T13:22:30,712.0,69.2,0x0,2400,30.8,1.29,875,3174,21.6,0,2.0,81.5,10,119.0,349.2,33,0.5,50.6,7,30.0,30.0,22,1,training,judging,서행,2/7
2026-10-01T13:22:32,714.0,70.3,0x0,2400,31.1,1.26,868,3181,21.4,0,3.5,81.5,10,120.5,351.6,33,0.0,50.6,7,30.0,30.0,22,1,training,judging,서행,2/7
2026-10-01T13:22:34,716.0,70.3,0x0,2400,32.9,1.26,873,3176,21.6,0,7.0,81.5,10,122.5,351.6,33,1.0,50.6,7,30.0,30.0,22,1,training,demo,서행,2/7
2026-10-01T13:22:36,718.0,69.2,0x0,2400,31.9,1.26,864,3185,21.3,0,7.0,81.5,10,119.0,349.1,33,1.0,50.6,7,30.0,30.0,22,1,training,demo,서행,2/7
2026-10-01T13:22:38,720.0,70.8,0x0,2400,31.5,1.32,871,3178,21.5,0,5.0,81.5,10,120.5,351.9,33,0.5,50.6,7,30.0,30.0,24,1,training,judging,서행,2/7
2026-10-01T13:22:40,722.0,69.2,0x0,2400,32.5,1.32,867,3182,21.4,0,4.0,80.2,10,124.0,351.7,33,0.0,50.6,7,30.0,30.0,23,1,training,judging,서행,2/7
2026-10-01T13:22:42,724.0,68.1,0x0,2400,30.9,1.3,860,3189,21.2,0,2.5,80.2,10,119.0,351.7,33,0.0,50.6,7,30.0,30.0,24,1,training,judging,서행,2/7
2026-10-01T13:22:44,726.0,69.2,0x0,2400,30.9,1.3,858,3191,21.2,0,2.0,80.2,10,121.5,351.3,33,0.5,50.6,7,30.0,30.0,24,1,training,judging,서행,2/7
2026-10-01T13:22:46,728.0,69.7,0x0,2400,31.4,1.3,861,3188,21.3,0,2.0,80.2,10,120.5,351.1,33,0.0,50.6,7,30.0,30.0,28,1,training,judging,서행,2/7
2026-10-01T13:22:48,730.0,68.1,0x0,2400,31.5,1.27,873,3176,21.6,0,4.5,80.2,10,119.5,351.8,33,0.0,50.6,7,30.0,30.0,27,1,training,demo,좌회전_유도,3/7
2026-10-01T13:22:50,732.0,69.7,0x0,2400,32.5,1.27,858,3191,21.2,0,6.5,80.2,10,121.0,351.0,33,1.0,50.6,7,30.0,30.0,29,1,training,demo,좌회전_유도,3/7
2026-10-01T13:22:52,734.0,69.2,0x0,2400,31.8,1.25,866,3183,21.4,0,7.0,80.2,10,120.0,351.8,33,0.5,50.6,7,30.1,30.1,30,1,training,demo,좌회전_유도,3/7
2026-10-01T13:22:54,736.0,69.2,0x0,2400,32.9,1.25,868,3181,21.4,0,7.5,81.2,10,121.0,351.4,33,0.5,50.6,7,30.0,30.0,34,1,training,demo,좌회전_유도,3/7
2026-10-01T13:22:56,738.0,69.2,0x0,2400,32.2,1.25,872,3177,21.5,0,9.0,82.2,10,120.0,351.6,33,0.5,50.6,7,30.0,30.0,29,1,training,demo,좌회전_유도,3/7
2026-10-01T13:22:58,740.0,69.7,0x0,2400,32.0,1.23,865,3184,21.4,0,4.5,82.2,10,123.5,354.0,33,0.5,50.6,7,30.0,30.0,31,1,training,judging,좌회전_유도,3/7
2026-10-01T13:23:00,742.0,69.2,0x0,2400,31.6,1.23,860,3189,21.2,0,2.5,82.2,10,122.5,348.8,33,0.0,50.6,7,30.0,28.1,2,1,training,judging,좌회전_유도,3/7
2026-10-01T13:23:02,744.0,69.2,0x0,2400,32.1,1.29,858,3191,21.2,0,4.5,80.2,10,122.5,351.0,33,0.5,50.6,7,30.0,30.5,3,1,training,judging,좌회전_유도,3/7
2026-10-01T13:23:04,746.0,69.7,0x0,2400,31.9,1.29,863,3186,21.3,0,2.5,80.2,10,124.5,351.8,33,0.0,50.6,7,30.0,30.0,4,1,training,judging,좌회전_유도,3/7
2026-10-01T13:23:06,748.0,68.6,0x0,2400,31.6,1.29,857,3192,21.2,0,2.5,80.2,10,121.0,348.8,33,0.0,50.6,7,30.0,30.0,2,1,training,judging,좌회전_유도,3/7
2026-10-01T13:23:08,750.0,68.6,0x0,2400,31.3,1.27,878,3171,21.7,0,5.5,80.2,10,120.5,354.0,33,1.0,50.6,7,30.0,30.0,5,1,training,demo,좌회전_유도,3/7
2026-10-01T13:23:10,752.0,70.3,0x0,2400,32.5,1.27,877,3172,21.7,0,6.5,80.2,10,121.5,351.5,33,1.0,50.6,7,30.0,30.0,3,1,training,demo,좌회전_유도,3/7
2026-10-01T13:23:12,754.0,70.3,0x0,2400,32.6,1.25,875,3174,21.6,0,7.5,80.2,10,120.5,354.3,33,0.5,50.6,7,30.0,30.0,10,1,training,demo,좌회전_유도,3/7
2026-10-01T13:23:14,756.0,69.7,0x0,2400,32.7,1.25,872,3177,21.5,0,9.5,81.2,10,121.5,354.3,33,1.0,50.6,7,30.0,30.0,7,1,training,demo,좌회전_유도,3/7
2026-10-01T13:23:16,758.0,70.3,0x0,2400,33.6,1.25,869,3180,21.5,0,7.0,81.2,10,126.0,353.9,33,0.5,50.6,7,30.0,29.0,9,1,training,demo,좌회전_유도,3/7
2026-10-01T13:23:18,760.0,69.2,0x0,2400,32.8,1.31,873,3176,21.6,0,5.0,81.2,10,121.0,349.0,33,0.0,50.6,7,30.0,30.5,8,1,training,judging,좌회전_유도,3/7
2026-10-01T13:23:20,762.0,69.2,0x0,2400,31.1,1.31,880,3169,21.7,0,2.0,81.2,10,122.0,348.9,33,0.0,50.6,7,30.0,30.0,12,1,training,judging,좌회전_유도,3/7
2026-10-01T13:23:22,764.0,69.2,0x0,2400,31.5,1.28,869,3180,21.5,0,3.5,81.2,11,121.5,351.2,33,0.5,50.6,7,30.1,30.1,10,1,training,judging,좌회전_유도,3/7
2026-10-01T13:23:24,766.0,70.3,0x0,2400,31.4,1.28,873,3176,21.6,0,2.0,81.2,11,121.0,351.3,33,0.0,50.6,7,30.0,30.0,14,1,training,judging,좌회전_유도,3/7
2026-10-01T13:23:26,768.0,69.2,0x0,2400,31.3,1.28,872,3177,21.5,0,2.0,81.2,11,122.5,351.5,33,0.0,50.6,7,30.0,30.0,11,1,training,judging,좌회전_유도,3/7
2026-10-01T13:23:28,770.0,68.6,0x0,2400,31.8,1.34,866,3183,21.4,0,4.5,81.2,11,121.5,351.4,33,1.0,50.6,7,30.0,30.0,12,1,training,demo,좌회전_유도,3/7
2026-10-01T13:23:30,772.0,69.2,0x0,2400,32.7,1.34,862,3187,21.3,0,7.5,80.2,11,121.0,351.2,33,0.5,50.6,7,30.0,30.0,15,1,training,demo,좌회전_유도,3/7
2026-10-01T13:23:32,774.0,68.6,0x0,2400,33.8,1.47,861,3188,21.3,0,7.5,80.2,11,125.0,351.5,33,1.0,50.6,7,30.0,24.0,17,1,training,demo,좌회전_유도,3/7
2026-10-01T13:23:34,776.0,69.7,0x0,2400,32.6,1.47,874,3175,21.6,0,6.5,80.7,10,121.0,351.6,33,0.0,50.6,7,30.0,30.0,16,1,training,demo,좌회전_유도,3/7
2026-10-01T13:23:36,778.0,69.7,0x0,2400,33.6,1.47,882,3167,21.8,0,9.5,82.2,10,124.5,354.1,33,0.5,50.6,7,30.1,30.1,18,1,training,judging,좌회전_유도,3/7
2026-10-01T13:23:38,780.0,69.2,0x0,2400,32.7,1.43,874,3175,21.6,0,5.5,82.2,10,124.0,356.4,33,1.0,50.6,7,30.0,30.0,19,1,training,demo,우회전_유도,4/7
2026-10-01T13:23:40,782.0,69.7,0x0,2400,32.9,1.43,869,3180,21.5,0,7.0,82.2,10,123.0,351.3,33,1.0,50.6,7,30.0,29.5,19,1,training,demo,우회전_유도,4/7
2026-10-01T13:23:42,784.0,70.3,0x0,2400,32.5,1.4,868,3181,21.4,0,5.5,82.2,10,122.5,351.3,33,0.0,50.6,7,30.0,29.0,20,1,training,judging,우회전_유도,4/7
2026-10-01T13:23:44,786.0,70.3,0x0,2400,31.8,1.4,860,3189,21.2,0,2.5,82.2,10,124.0,353.5,33,0.0,50.6,7,30.0,29.6,20,1,training,judging,우회전_유도,4/7
2026-10-01T13:23:46,788.0,70.3,0x0,2400,32.3,1.4,869,3180,21.5,0,2.0,82.2,10,126.0,354.3,33,0.5,50.6,7,30.0,30.0,20,1,training,judging,우회전_유도,4/7
2026-10-01T13:23:48,790.0,69.7,0x0,2400,31.1,1.37,869,3181,21.5,0,2.0,82.2,10,121.5,354.3,33,0.0,50.6,7,30.0,30.0,23,1,training,judging,우회전_유도,4/7
2026-10-01T13:23:50,792.0,69.7,0x0,2400,31.8,1.37,861,3188,21.3,0,2.0,82.2,10,123.0,354.2,33,0.0,50.6,7,30.1,30.1,23,1,training,judging,우회전_유도,4/7
2026-10-01T13:23:52,794.0,69.2,0x0,2400,33.2,1.34,862,3187,21.3,0,5.5,82.2,10,124.0,354.2,33,0.5,50.6,7,30.0,30.0,24,1,training,demo,우회전_유도,4/7
2026-10-01T13:23:54,796.0,70.3,0x0,2400,33.8,1.34,861,3188,21.3,0,7.5,82.2,10,124.5,354.2,33,1.0,50.6,7,30.1,30.1,26,1,training,demo,우회전_유도,4/7
2026-10-01T13:23:56,798.0,70.3,0x0,2400,33.1,1.34,862,3188,21.3,0,7.5,82.2,10,122.5,354.2,33,0.5,50.6,7,30.0,29.5,27,1,training,demo,우회전_유도,4/7
2026-10-01T13:23:58,800.0,71.9,0x0,2400,33.1,1.31,861,3188,21.3,0,9.0,82.2,10,120.0,354.2,33,1.0,50.6,7,30.0,30.5,27,1,training,demo,우회전_유도,4/7
2026-10-01T13:24:00,802.0,70.8,0x0,2400,32.5,1.31,855,3194,21.1,0,7.5,82.2,10,121.5,351.6,33,0.5,50.6,7,30.0,30.0,28,1,training,demo,우회전_유도,4/7
2026-10-01T13:24:02,804.0,70.8,0x0,2400,33.3,1.29,860,3189,21.2,0,7.5,82.2,10,123.0,354.2,33,1.0,50.6,7,30.0,30.0,4,1,training,demo,우회전_유도,4/7
2026-10-01T13:24:04,806.0,70.8,0x0,2400,32.7,1.29,859,3190,21.2,0,9.0,82.2,10,120.0,351.7,33,1.0,50.6,7,30.0,30.0,30,1,training,demo,우회전_유도,4/7
2026-10-01T13:24:06,808.0,70.3,0x0,2400,33.0,1.29,872,3177,21.5,0,7.5,82.2,10,122.0,351.7,33,0.5,50.6,7,30.0,29.5,31,1,training,demo,우회전_유도,4/7
2026-10-01T13:24:08,810.0,69.7,0x0,2400,32.3,1.26,868,3181,21.4,0,4.0,82.2,10,121.5,351.4,33,0.5,50.6,7,30.0,30.0,33,1,training,judging,우회전_유도,4/7
2026-10-01T13:24:10,812.0,70.3,0x0,2400,31.3,1.26,866,3183,21.4,0,3.5,82.2,10,120.0,351.6,33,0.0,50.6,7,30.0,30.0,34,1,training,judging,우회전_유도,4/7
2026-10-01T13:24:12,814.0,69.7,0x0,2400,31.1,1.32,866,3183,21.4,0,4.5,82.2,10,120.5,351.7,34,0.5,50.6,7,30.0,29.5,34,0,camera_fail,judging,우회전_유도,4/7
2026-10-01T13:24:14,816.0,69.7,0x0,2400,30.6,1.32,863,3186,21.3,0,6.0,82.2,10,113.5,351.5,34,0.5,50.6,7,30.0,30.0,2,0,camera_fail,judging,우회전_유도,4/7
2026-10-01T13:24:16,818.0,70.8,0x0,2400,34.1,1.32,867,3182,21.4,0,8.0,82.2,10,128.0,351.8,34,0.5,50.6,7,30.0,29.5,4,1,training,judging,우회전_유도,4/7
2026-10-01T13:24:18,820.0,70.8,0x0,2400,31.4,1.3,862,3187,21.3,0,2.5,82.2,10,120.5,351.6,34,0.0,50.6,7,30.0,30.0,36,1,training,judging,우회전_유도,4/7
2026-10-01T13:24:20,822.0,70.8,0x0,2400,31.2,1.3,859,3190,21.2,0,2.0,82.2,10,120.0,351.7,34,0.0,50.6,7,30.0,30.0,3,1,training,judging,우회전_유도,4/7
2026-10-01T13:24:22,824.0,69.7,0x0,2400,31.5,1.27,864,3185,21.3,0,2.5,82.2,10,122.5,351.8,33,0.5,50.6,7,30.0,30.0,4,1,training,judging,우회전_유도,4/7
2026-10-01T13:24:24,826.0,71.4,0x0,2400,31.3,1.27,866,3183,21.4,0,3.0,82.2,10,121.0,351.3,33,0.0,50.6,7,30.0,30.0,5,0,camera_fail,judging,우회전_유도,4/7
2026-10-01T13:24:26,828.0,69.7,0x0,2400,31.6,1.27,876,3173,21.6,0,7.0,82.2,11,117.0,354.0,33,0.5,50.6,7,30.0,29.5,6,1,training,demo,우회전_유도,4/7
2026-10-01T13:24:28,830.0,71.9,0x0,2400,31.8,1.25,878,3171,21.7,0,5.0,82.2,10,120.0,354.1,33,0.5,50.6,7,30.0,30.0,8,1,training,judging,우회전_유도,4/7
2026-10-01T13:24:30,832.0,71.9,0x0,2400,30.9,1.25,872,3177,21.5,0,2.0,82.2,10,120.5,351.4,33,0.0,50.6,7,30.0,30.0,8,1,training,judging,우회전_유도,4/7
2026-10-01T13:24:32,834.0,70.8,0x0,2400,33.8,1.23,862,3188,21.3,0,4.0,82.2,10,130.5,351.2,33,0.5,50.6,7,30.0,29.5,6,0,camera_fail,judging,우회전_유도,4/7
2026-10-01T13:24:34,836.0,70.3,0x0,2400,31.2,1.23,862,3187,21.3,0,7.0,82.2,11,115.5,351.5,33,0.5,50.6,7,30.0,30.0,12,1,training,demo,우회전_유도,4/7
2026-10-01T13:24:36,838.0,69.2,0x0,1800,32.2,1.23,865,3184,21.4,0,4.0,82.2,10,123.0,354.3,33,0.0,50.6,7,30.0,29.5,15,1,training,judging,우회전_유도,4/7
2026-10-01T13:24:38,840.0,70.3,0x0,2400,31.7,1.21,865,3184,21.4,0,2.5,82.2,10,123.0,354.1,33,0.5,50.6,7,30.0,29.5,12,1,training,judging,우회전_유도,4/7
2026-10-01T13:24:40,842.0,70.3,0x0,2400,31.5,1.21,878,3171,21.7,0,2.0,82.2,10,120.5,351.5,33,0.0,50.6,7,30.0,30.5,12,1,training,judging,우회전_유도,4/7
2026-10-01T13:24:42,844.0,70.8,0x0,2400,31.2,1.19,865,3184,21.4,0,2.0,82.2,10,123.5,354.3,33,0.0,50.6,7,30.0,30.0,16,1,training,judging,우회전_유도,4/7
2026-10-01T13:24:44,846.0,70.3,0x0,2400,31.0,1.19,864,3185,21.3,0,3.0,82.2,10,120.5,351.5,33,0.5,50.6,7,30.0,30.0,15,1,training,judging,우회전_유도,4/7
2026-10-01T13:24:46,848.0,70.3,0x0,2400,30.9,1.19,859,3190,21.2,0,2.0,82.2,10,120.0,351.3,33,0.0,50.6,7,30.0,30.0,17,1,training,judging,우회전_유도,4/7
2026-10-01T13:24:48,850.0,70.8,0x0,2400,31.7,1.26,863,3186,21.3,0,2.0,82.2,10,122.0,353.7,33,0.5,50.6,7,30.0,30.0,16,1,training,judging,우회전_유도,4/7
2026-10-01T13:24:50,852.0,69.2,0x0,2400,31.1,1.26,867,3182,21.4,0,4.0,82.2,10,119.0,351.6,33,0.0,50.6,7,30.0,30.0,19,0,camera_fail,judging,우회전_유도,4/7
2026-10-01T13:24:52,854.0,71.4,0x0,2400,31.8,1.24,867,3182,21.4,0,6.5,82.2,10,119.0,351.8,33,1.0,50.6,7,30.0,30.0,19,1,training,demo,우회전_유도,4/7
2026-10-01T13:24:54,856.0,70.8,0x0,2400,31.6,1.24,865,3185,21.4,0,5.5,82.2,10,120.0,351.6,33,0.5,50.6,7,30.0,30.0,22,1,training,judging,우회전_유도,4/7
2026-10-01T13:24:56,858.0,70.3,0x0,2400,32.2,1.24,871,3178,21.5,0,2.5,82.2,10,125.0,354.1,33,0.0,50.6,7,30.0,30.0,22,1,training,judging,우회전_유도,4/7
2026-10-01T13:24:58,860.0,70.3,0x0,2400,32.2,1.22,870,3179,21.5,0,3.0,82.2,10,123.0,354.0,33,0.0,50.6,7,30.0,29.0,29,1,training,judging,우회전_유도,4/7
2026-10-01T13:25:00,862.0,69.7,0x0,2400,31.1,1.22,866,3183,21.4,0,2.0,82.2,10,120.0,351.3,33,0.5,50.6,7,30.1,30.1,23,1,training,judging,우회전_유도,4/7
2026-10-01T13:25:02,864.0,69.2,0x0,2400,31.5,1.2,868,3181,21.4,0,2.5,82.2,10,122.0,348.8,33,0.0,50.6,7,30.0,30.0,24,1,training,judging,우회전_유도,4/7
2026-10-01T13:25:04,866.0,71.9,0x0,2400,31.0,1.2,874,3175,21.6,0,3.0,82.2,10,120.0,351.5,33,0.0,50.6,7,30.0,30.0,21,1,training,judging,우회전_유도,4/7
2026-10-01T13:25:06,868.0,70.3,0x0,2400,32.3,1.2,858,3191,21.2,0,7.0,82.2,10,120.0,351.2,33,1.0,50.6,7,30.0,30.0,25,1,training,demo,우회전_유도,4/7
2026-10-01T13:25:08,870.0,69.2,0x0,2400,32.8,1.18,873,3177,21.5,0,7.0,82.2,10,122.5,351.6,33,0.5,50.6,7,30.1,30.1,25,1,training,judging,우회전_유도,4/7
2026-10-01T13:25:10,872.0,70.8,0x0,2400,31.1,1.18,871,3178,21.5,0,2.5,82.2,10,120.0,351.5,33,0.0,50.6,7,30.0,30.0,27,1,training,judging,우회전_유도,4/7
2026-10-01T13:25:12,874.0,71.4,0x0,2400,30.7,1.17,871,3178,21.5,0,2.5,82.2,10,122.0,349.0,33,0.5,50.6,7,30.0,30.0,27,1,training,judging,우회전_유도,4/7
2026-10-01T13:25:14,876.0,69.7,0x0,2400,31.0,1.17,878,3171,21.7,0,3.5,82.2,11,120.0,351.5,33,0.0,50.6,7,30.0,30.0,29,1,training,judging,우회전_유도,4/7
2026-10-01T13:25:16,878.0,69.7,0x0,2400,31.4,1.17,888,3162,21.9,0,2.0,82.2,11,120.5,351.8,33,0.0,50.6,7,30.1,30.1,29,1,training,judging,우회전_유도,4/7
2026-10-01T13:25:18,880.0,71.4,0x0,2400,32.2,1.24,884,3166,21.8,0,4.0,82.2,11,123.0,349.1,33,0.5,50.6,7,30.0,30.0,30,1,training,demo,확인_완료,5/7
2026-10-01T13:25:20,882.0,68.6,0x0,2400,31.7,1.24,885,3164,21.9,0,5.5,82.2,11,119.0,349.0,33,0.5,50.6,7,30.0,30.0,35,1,training,demo,확인_완료,5/7
2026-10-01T13:25:22,884.0,69.2,0x0,1900,32.9,1.3,882,3167,21.8,0,8.0,82.2,11,121.0,354.0,33,0.5,50.6,7,30.0,30.0,5,1,training,demo,확인_완료,5/7
2026-10-01T13:25:24,886.0,69.7,0x0,2400,32.6,1.3,875,3174,21.6,0,7.0,82.2,10,122.0,351.5,33,0.5,50.6,7,30.0,30.0,32,1,training,demo,확인_완료,5/7
2026-10-01T13:25:26,888.0,69.2,0x0,2400,32.5,1.3,870,3179,21.5,0,7.0,82.2,10,119.5,351.6,33,1.0,50.6,7,30.0,30.0,30,1,training,demo,확인_완료,5/7
2026-10-01T13:25:28,890.0,68.6,0x0,2400,33.6,1.27,880,3169,21.7,0,9.5,82.2,10,122.5,354.3,33,0.5,50.6,7,30.0,30.0,3,1,training,demo,확인_완료,5/7
2026-10-01T13:25:30,892.0,70.3,0x0,2400,31.9,1.27,885,3164,21.8,0,7.5,82.2,10,119.5,351.6,33,1.0,50.6,7,30.0,30.0,36,1,training,demo,확인_완료,5/7
2026-10-01T13:25:32,894.0,70.3,0x0,2400,31.9,1.25,874,3175,21.6,0,6.5,82.2,10,120.0,351.8,33,1.0,50.6,7,30.0,30.0,3,1,training,judging,확인_완료,5/7
2026-10-01T13:25:34,896.0,69.2,0x0,2400,32.1,1.25,871,3178,21.5,0,4.0,82.2,10,121.5,351.5,33,0.0,50.6,7,30.1,30.1,2,1,training,judging,확인_완료,5/7
2026-10-01T13:25:36,898.0,69.7,0x0,2400,30.7,1.25,872,3177,21.5,0,2.0,82.2,10,119.5,354.0,33,0.0,50.6,7,30.0,30.0,4,1,training,judging,확인_완료,5/7
2026-10-01T13:25:38,900.0,69.7,0x0,2400,32.0,1.31,871,3179,21.5,0,2.5,82.2,10,123.5,354.2,33,0.0,50.6,7,30.0,30.0,6,1,training,judging,확인_완료,5/7
2026-10-01T13:25:40,902.0,69.2,0x0,2400,30.6,1.31,867,3182,21.4,0,2.0,82.2,10,119.5,351.5,33,0.5,50.6,7,30.0,30.0,5,1,training,judging,확인_완료,5/7
2026-10-01T13:25:42,904.0,69.2,0x0,2400,30.8,1.37,865,3184,21.4,0,3.0,82.2,10,120.5,349.1,33,0.0,50.6,7,30.0,30.0,7,1,training,judging,확인_완료,5/7
2026-10-01T13:25:44,906.0,69.7,0x0,2400,33.3,1.37,874,3175,21.6,0,6.5,82.2,10,125.0,354.3,33,1.0,50.6,7,30.0,29.6,8,1,training,demo,확인_완료,5/7
2026-10-01T13:25:46,908.0,69.2,0x0,2400,32.3,1.37,873,3176,21.6,0,7.0,82.2,10,119.5,354.3,33,0.0,50.6,7,30.0,30.5,14,1,training,demo,확인_완료,5/7
2026-10-01T13:25:48,910.0,69.2,0x0,2400,32.5,1.34,872,3178,21.5,0,8.0,82.2,11,122.0,354.3,33,1.0,50.6,7,30.0,30.0,15,1,training,judging,확인_완료,5/7
2026-10-01T13:25:50,912.0,69.7,0x0,2400,30.6,1.34,870,3179,21.5,0,2.0,82.2,11,120.0,354.3,33,0.0,50.6,7,30.0,30.0,7,1,training,judging,확인_완료,5/7
2026-10-01T13:25:52,914.0,69.7,0x0,2400,30.9,1.39,869,3180,21.5,0,2.0,82.2,11,120.0,354.3,33,0.0,50.6,7,30.0,30.0,14,1,training,judging,확인_완료,5/7
2026-10-01T13:25:54,916.0,69.2,0x0,2400,31.7,1.39,864,3185,21.3,0,2.0,82.2,11,122.5,351.7,33,0.5,50.6,7,30.1,29.6,10,1,training,judging,확인_완료,5/7
2026-10-01T13:25:56,918.0,69.2,0x0,2400,30.7,1.39,876,3173,21.6,0,2.0,82.2,11,119.5,351.6,33,0.0,50.6,7,30.0,30.5,13,1,training,judging,확인_완료,5/7
2026-10-01T13:25:58,920.0,69.2,0x0,1800,32.6,1.36,879,3170,21.7,0,5.0,82.2,10,124.0,351.5,33,0.5,50.6,7,30.0,30.0,18,1,training,demo,확인_완료,5/7
2026-10-01T13:26:00,922.0,69.7,0x0,2400,33.3,1.36,865,3184,21.4,0,6.5,82.2,10,125.5,351.2,33,0.5,50.6,7,30.0,30.0,13,1,training,demo,확인_완료,5/7
2026-10-01T13:26:02,924.0,70.8,0x0,2400,31.4,1.36,879,3170,21.7,0,7.0,82.2,10,119.0,351.8,33,0.5,50.6,7,30.0,30.0,14,1,training,demo,확인_완료,5/7
2026-10-01T13:26:04,926.0,70.3,0x0,2400,32.7,1.33,877,3172,21.7,0,5.5,82.2,10,122.0,351.8,33,0.0,50.6,7,30.0,30.0,16,1,training,judging,확인_완료,5/7
2026-10-01T13:26:06,928.0,71.4,0x0,2400,31.6,1.33,868,3181,21.4,0,2.5,82.2,10,123.5,351.5,33,0.5,50.6,7,30.0,30.0,19,1,training,judging,확인_완료,5/7
2026-10-01T13:26:08,930.0,68.6,0x0,2400,32.0,1.3,873,3176,21.6,0,2.5,82.2,10,125.0,351.5,33,0.5,50.6,7,30.0,29.5,20,1,training,judging,확인_완료,5/7
2026-10-01T13:26:10,932.0,70.3,0x0,2400,33.0,1.3,870,3179,21.5,0,2.5,82.2,10,128.0,346.2,33,0.0,50.6,7,30.1,30.1,20,1,training,judging,확인_완료,5/7
2026-10-01T13:26:12,934.0,69.7,0x0,2400,31.5,1.3,863,3187,21.3,0,2.0,82.2,10,122.0,348.8,33,0.0,50.6,7,30.0,30.0,22,1,training,judging,확인_완료,5/7
2026-10-01T13:26:14,936.0,70.8,0x0,2400,32.8,1.36,867,3183,21.4,0,5.5,82.2,10,124.0,346.7,33,0.5,50.6,7,30.0,30.0,22,1,training,demo,후진,6/7
2026-10-01T13:26:16,938.0,70.8,0x0,2400,33.1,1.36,868,3181,21.4,0,7.0,82.2,10,122.0,351.3,33,1.0,50.6,7,30.0,30.0,23,1,training,demo,후진,6/7
2026-10-01T13:26:18,940.0,70.3,0x0,2400,33.0,1.33,871,3178,21.5,0,8.5,82.2,10,122.5,348.8,33,0.5,50.6,7,30.0,29.0,24,1,training,judging,후진,6/7
2026-10-01T13:26:20,942.0,70.3,0x0,2400,31.4,1.33,863,3186,21.3,0,2.0,82.2,10,123.5,346.2,33,0.0,50.6,7,30.0,30.0,26,1,training,judging,후진,6/7
2026-10-01T13:26:22,944.0,69.7,0x0,2400,31.6,1.33,867,3182,21.4,0,2.0,82.2,10,122.0,346.5,33,0.0,50.6,7,30.0,30.0,26,1,training,judging,후진,6/7
2026-10-01T13:26:24,946.0,68.1,0x0,2400,32.0,1.3,863,3186,21.3,0,2.5,82.2,10,123.0,346.6,33,0.5,50.6,7,30.0,30.0,24,1,training,judging,후진,6/7
2026-10-01T13:26:26,948.0,69.7,0x0,2400,31.3,1.3,870,3179,21.5,0,2.0,82.2,10,122.0,346.4,33,0.0,50.6,7,30.0,30.0,26,1,training,judging,후진,6/7
2026-10-01T13:26:28,950.0,69.2,0x0,2400,31.9,1.28,866,3183,21.4,0,3.5,82.2,10,122.5,344.0,33,0.5,50.6,7,30.0,30.0,28,1,training,judging,후진,6/7
2026-10-01T13:26:30,952.0,69.2,0x0,2400,32.7,1.28,868,3181,21.4,0,6.5,82.2,10,122.5,349.0,33,0.5,50.6,7,30.0,30.0,29,1,training,demo,후진,6/7
2026-10-01T13:26:32,954.0,69.7,0x0,2400,32.4,1.28,865,3184,21.4,0,7.0,82.2,10,121.5,346.3,33,1.0,50.6,7,30.1,30.1,27,1,training,demo,후진,6/7
2026-10-01T13:26:34,956.0,69.7,0x0,2400,34.0,1.42,869,3180,21.5,0,9.5,82.2,10,126.0,346.3,33,0.0,50.6,7,30.0,30.0,31,1,training,demo,후진,6/7
2026-10-01T13:26:36,958.0,70.8,0x0,2400,33.0,1.42,871,3178,21.5,0,6.5,82.2,10,121.5,346.6,33,1.0,50.6,7,30.0,30.0,35,1,training,demo,후진,6/7
2026-10-01T13:26:38,960.0,69.7,0x0,2400,32.2,1.38,862,3187,21.3,0,5.5,82.2,10,122.0,348.6,33,0.5,50.6,7,30.0,30.0,32,1,training,judging,후진,6/7
2026-10-01T13:26:40,962.0,69.7,0x0,2400,32.6,1.38,865,3184,21.4,0,4.0,82.2,10,124.0,349.2,33,0.0,50.6,7,30.0,30.0,34,1,training,judging,후진,6/7
2026-10-01T13:26:42,964.0,70.3,0x0,2400,31.2,1.38,866,3183,21.4,0,2.0,82.2,10,121.0,349.1,33,0.5,50.6,7,30.0,30.0,34,1,training,judging,후진,6/7
2026-10-01T13:26:44,966.0,69.7,0x0,1800,30.5,1.35,868,3182,21.4,0,2.5,82.2,10,121.0,348.9,33,0.0,50.6,7,30.0,30.0,3,1,training,judging,후진,6/7
2026-10-01T13:26:46,968.0,71.4,0x0,2400,32.0,1.35,870,3179,21.5,0,2.5,82.2,10,123.5,346.4,33,0.0,50.6,7,30.1,30.1,4,1,training,judging,후진,6/7
2026-10-01T13:26:48,970.0,69.7,0x0,2400,31.9,1.49,878,3171,21.7,0,3.5,82.2,10,121.5,349.0,33,0.5,50.6,7,30.0,30.0,4,1,training,demo,후진,6/7
2026-10-01T13:26:50,972.0,70.3,0x0,2400,32.5,1.49,874,3175,21.6,0,7.5,82.2,10,122.5,348.9,33,0.5,50.6,7,30.0,30.0,7,1,training,demo,후진,6/7
2026-10-01T13:26:52,974.0,69.2,0x0,2400,33.1,1.49,875,3174,21.6,0,8.5,82.2,10,121.5,346.3,33,1.0,50.6,7,30.0,30.0,3,1,training,judging,후진,6/7
2026-10-01T13:26:54,976.0,70.3,0x0,2400,31.5,1.53,869,3180,21.5,0,2.5,82.2,10,121.5,348.8,33,0.0,50.6,7,30.0,30.0,7,1,training,judging,후진,6/7
2026-10-01T13:26:56,978.0,68.1,0x0,2400,32.0,1.53,864,3185,21.3,0,3.0,82.2,10,123.0,348.8,33,0.0,50.6,7,30.0,30.0,8,1,training,judging,후진,6/7
2026-10-01T13:26:58,980.0,71.4,0x0,2400,31.2,1.48,867,3182,21.4,0,2.5,82.2,10,121.5,349.1,33,0.5,50.6,7,30.0,30.0,8,1,training,judging,후진,6/7
2026-10-01T13:27:00,982.0,70.3,0x0,2400,32.5,1.48,868,3181,21.4,0,2.5,82.2,10,125.5,351.1,33,0.0,50.6,7,30.1,30.1,9,1,training,judging,후진,6/7
2026-10-01T13:27:02,984.0,69.7,0x0,2400,31.0,1.48,866,3183,21.4,0,2.0,82.2,10,121.0,349.3,33,0.0,50.6,7,30.0,30.0,11,1,training,judging,후진,6/7
2026-10-01T13:27:04,986.0,69.7,0x0,2400,31.9,1.53,865,3184,21.4,0,6.5,82.2,10,121.5,349.3,33,1.0,50.6,7,30.0,30.0,12,1,training,demo,주의,7/7
2026-10-01T13:27:06,988.0,69.7,0x0,2400,33.1,1.53,862,3187,21.3,0,7.0,82.2,10,123.0,348.8,33,0.5,50.6,7,30.0,30.0,12,1,training,demo,주의,7/7
2026-10-01T13:27:08,990.0,69.2,0x0,2400,32.5,1.64,863,3186,21.3,0,8.0,82.2,10,121.0,348.9,33,0.5,50.6,7,30.0,30.0,15,1,training,judging,주의,7/7
2026-10-01T13:27:10,992.0,69.2,0x0,2400,32.5,1.64,867,3182,21.4,0,4.5,82.2,10,122.5,348.9,33,0.5,50.6,7,30.0,29.5,13,1,training,judging,주의,7/7
2026-10-01T13:27:12,994.0,70.8,0x0,2400,32.2,1.64,870,3179,21.5,0,4.0,82.2,10,122.0,348.6,33,0.5,50.6,7,30.0,30.5,14,1,training,demo,주의,7/7
2026-10-01T13:27:14,996.0,69.7,0x0,2400,32.9,1.75,863,3186,21.3,0,7.5,82.2,10,123.0,348.8,33,1.0,50.6,7,30.0,30.0,16,1,training,demo,주의,7/7
2026-10-01T13:27:16,998.0,69.7,0x0,2400,33.5,1.75,873,3176,21.6,0,6.0,82.2,10,126.0,346.3,33,0.5,50.6,7,30.0,30.0,16,1,training,judging,주의,7/7
2026-10-01T13:27:18,1000.0,69.7,0x0,2400,33.0,1.69,873,3176,21.6,0,6.5,82.2,10,123.0,349.0,33,0.5,50.6,7,30.1,30.1,20,1,training,demo,주의,7/7
2026-10-01T13:27:20,1002.0,68.1,0x0,2400,33.0,1.69,872,3177,21.5,0,6.5,82.2,10,123.5,349.2,33,0.5,50.6,7,30.0,29.5,22,1,training,demo,주의,7/7
2026-10-01T13:27:22,1004.0,70.8,0x0,2400,32.3,1.69,869,3180,21.5,0,5.5,82.2,10,123.0,346.6,33,0.5,50.6,7,30.0,30.5,20,1,training,judging,주의,7/7
2026-10-01T13:27:24,1006.0,69.7,0x0,2400,32.0,1.72,866,3183,21.4,0,4.5,82.2,10,123.5,349.1,33,0.0,50.6,7,30.0,30.0,20,1,training,judging,주의,7/7
2026-10-01T13:27:26,1008.0,68.1,0x0,2400,31.5,1.72,868,3181,21.4,0,3.0,82.2,10,121.0,351.9,33,0.5,50.6,7,30.0,30.0,20,0,summary,demo,,8/7
2026-10-01T13:27:28,1010.0,67.5,0x0,2400,28.7,1.74,868,3181,21.4,0,0.0,82.2,10,114.5,348.8,33,0.5,50.6,7,30.0,30.0,21,0,summary,demo,,8/7
2026-10-01T13:27:30,1012.0,69.2,0x0,2400,29.2,1.74,866,3183,21.4,0,0.5,82.2,10,114.5,349.1,33,0.0,50.6,7,30.0,30.0,26,0,summary,demo,,8/7
2026-10-01T13:27:32,1014.0,69.2,0x0,2400,29.4,1.74,861,3188,21.3,0,0.0,82.2,10,117.5,348.8,33,0.0,50.6,7,30.0,30.0,28,0,summary,demo,,8/7
2026-10-01T13:27:34,1016.0,67.5,0x0,2400,29.0,1.84,871,3178,21.5,0,0.5,82.2,10,114.0,349.1,33,0.0,50.6,7,30.1,30.1,24,0,summary,demo,,8/7
2026-10-01T13:27:36,1018.0,69.2,0x0,2400,29.7,1.84,865,3184,21.4,0,0.0,82.2,10,116.5,349.0,33,0.5,50.6,7,30.0,30.0,26,0,summary,demo,,8/7
2026-10-01T13:27:38,1020.0,68.6,0x0,2400,28.6,1.77,868,3181,21.4,0,0.5,82.2,10,114.0,346.3,33,0.0,50.6,7,30.0,30.0,25,0,summary,demo,,8/7
2026-10-01T13:27:40,1022.0,69.2,0x0,2400,28.6,1.77,870,3179,21.5,0,0.5,82.2,10,114.0,351.8,33,0.0,50.6,7,30.0,30.0,27,0,summary,demo,,8/7
2026-10-01T13:27:42,1024.0,69.2,0x0,2400,30.0,1.77,884,3165,21.8,0,0.0,82.2,10,117.0,351.3,33,0.0,50.6,7,30.0,30.0,28,0,summary,demo,,8/7
2026-10-01T13:27:44,1026.0,69.2,0x0,2400,28.8,1.71,876,3174,21.6,0,1.0,82.2,10,113.5,349.2,33,0.5,50.6,7,30.0,30.0,29,0,summary,demo,,8/7
2026-10-01T13:27:46,1028.0,69.2,0x0,2400,28.7,1.71,869,3180,21.5,0,0.0,82.2,10,114.5,349.2,33,0.0,50.6,7,30.0,30.0,31,0,summary,demo,,8/7
2026-10-01T13:27:48,1030.0,69.7,0x0,2400,29.1,1.65,869,3180,21.5,0,0.5,82.2,10,114.5,349.1,33,0.0,50.6,7,30.1,30.1,32,0,summary,demo,,8/7
2026-10-01T13:27:50,1032.0,68.6,0x0,2400,28.6,1.65,879,3170,21.7,0,0.5,82.2,10,113.0,348.8,33,0.0,50.6,7,30.0,30.0,33,0,summary,demo,,8/7
2026-10-01T13:27:52,1034.0,69.7,0x0,2400,29.6,1.65,881,3168,21.8,0,0.0,82.2,10,118.0,349.1,33,0.5,50.6,7,30.0,30.0,34,0,summary,demo,,8/7
2026-10-01T13:27:54,1036.0,69.7,0x0,2400,29.1,1.6,874,3175,21.6,0,0.5,82.2,10,113.5,349.2,33,0.0,50.6,7,30.0,30.0,1,0,summary,demo,,8/7
2026-10-01T13:27:56,1038.0,66.4,0x0,1800,26.7,1.6,575,3475,14.2,0,,,,,,,0.0,50.6,7,,,,,,,,
2026-10-01T13:27:58,1040.0,64.8,0x0,2400,2.0,1.47,543,3506,13.4,0,,,,,,,,,,,,,,,,,
2026-10-01T13:28:00,1042.0,62.0,0x0,2400,0.2,1.47,539,3510,13.3,0,,,,,,,,,,,,,,,,,
