time,signal,attempt,outcome,predicted,match_score,confidence,vision_latency_ms,demo_ok,demo_ms,observe_ms,listen_ms,picar_ok,picar_ms,microbit_ok,microbit_ms,feedback_ms,aihand_ok,aihand_ms,feedback_done_ms,aihand_status,microbit_status,picar_status,picar_led_ok,mocked,subject,target_score
2026-10-02T18:58:35.036,정지,1,correct,정지,79,0.9301,33,True,814,39103,2227,True,191,True,240,240,True,1046,1240,ok,ok,ok,True,False,SS-00003,93
2026-10-02T18:58:43.502,서행,1,correct,서행,98,0.9484,35,True,821,5344,1214,True,31,True,80,80,True,886,1080,ok,ok,ok,True,False,SS-00003,95
2026-10-02T18:58:49.250,좌회전_유도,1,correct,좌회전_유도,97,0.9536,35,True,804,3003,1015,True,31,True,70,70,True,876,1070,ok,ok,ok,True,False,SS-00003,95
2026-10-02T18:58:55.266,우회전_유도,1,correct,우회전_유도,97,0.9635,47,True,823,3469,808,True,30,True,73,73,True,879,1073,ok,ok,ok,True,False,SS-00003,96
2026-10-02T18:59:01.882,확인_완료,1,correct,확인_완료,90,0.9209,38,True,821,4061,814,True,31,True,75,75,True,881,1075,ok,ok,ok,True,False,SS-00003,92
2026-10-02T18:59:08.915,후진,1,correct,후진,90,0.8614,37,True,821,4277,1012,True,27,True,73,73,True,879,1073,ok,ok,ok,True,False,SS-00003,86
2026-10-02T18:59:14.046,주의,1,correct,주의,94,0.9505,36,True,822,2362,1028,True,26,True,61,61,True,867,1061,ok,ok,ok,True,False,SS-00003,95
2026-10-02T19:00:05.425,정지,1,correct,정지,74,0.9365,36,True,821,3908,216,True,27,True,76,76,True,882,1076,ok,ok,ok,True,False,SS-00003,94
2026-10-02T19:00:12.065,서행,1,correct,서행,98,0.9485,36,True,835,4616,265,True,37,True,76,76,True,880,1076,ok,ok,ok,True,False,SS-00003,95
2026-10-02T19:00:17.171,좌회전_유도,1,correct,좌회전_유도,96,0.9532,39,True,820,2613,750,True,34,True,87,87,True,893,1087,ok,ok,ok,True,False,SS-00003,95
2026-10-02T19:00:21.859,우회전_유도,1,correct,우회전_유도,91,0.9641,34,True,821,2048,885,True,33,True,87,87,True,892,1087,ok,ok,ok,True,False,SS-00003,96
2026-10-02T19:00:27.389,확인_완료,1,correct,확인_완료,92,0.9231,38,True,804,2895,899,True,31,True,69,69,True,875,1069,ok,ok,ok,True,False,SS-00003,92
2026-10-02T19:00:32.474,후진,1,correct,후진,94,0.8472,38,True,822,2328,1020,True,30,True,65,65,True,872,1065,ok,ok,ok,True,False,SS-00003,85
2026-10-02T19:00:37.777,주의,1,correct,주의,100,0.9264,36,True,822,2285,1266,True,29,True,68,68,True,874,1068,ok,ok,ok,True,False,SS-00003,93
